Datum;Vårdform;Mått;DATA
2015-07-09;Slutenvård;Antal;0.0
2015-07-09;Slutenvård;Per 100 000;0.000
2015-07-09;Intensivvård;Antal;0.0
2015-07-09;Intensivvård;Per 100 000;0.000
2015-07-16;Slutenvård;Antal;0.0
2015-07-16;Slutenvård;Per 100 000;0.000
2015-07-16;Intensivvård;Antal;0.0
2015-07-16;Intensivvård;Per 100 000;0.000
2015-07-23;Slutenvård;Antal;0.6
2015-07-23;Slutenvård;Per 100 000;0.008
2015-07-23;Intensivvård;Antal;0.0
2015-07-23;Intensivvård;Per 100 000;0.000
2015-07-30;Slutenvård;Antal;0.6
2015-07-30;Slutenvård;Per 100 000;0.008
2015-07-30;Intensivvård;Antal;0.0
2015-07-30;Intensivvård;Per 100 000;0.000
2015-08-06;Slutenvård;Antal;0.0
2015-08-06;Slutenvård;Per 100 000;0.000
2015-08-06;Intensivvård;Antal;0.0
2015-08-06;Intensivvård;Per 100 000;0.000
2015-08-13;Slutenvård;Antal;0.3
2015-08-13;Slutenvård;Per 100 000;0.004
2015-08-13;Intensivvård;Antal;0.0
2015-08-13;Intensivvård;Per 100 000;0.000
2015-08-20;Slutenvård;Antal;0.6
2015-08-20;Slutenvård;Per 100 000;0.008
2015-08-20;Intensivvård;Antal;0.0
2015-08-20;Intensivvård;Per 100 000;0.000
2015-08-27;Slutenvård;Antal;0.6
2015-08-27;Slutenvård;Per 100 000;0.008
2015-08-27;Intensivvård;Antal;0.0
2015-08-27;Intensivvård;Per 100 000;0.000
2015-09-03;Slutenvård;Antal;0.0
2015-09-03;Slutenvård;Per 100 000;0.000
2015-09-03;Intensivvård;Antal;0.0
2015-09-03;Intensivvård;Per 100 000;0.000
2015-09-10;Slutenvård;Antal;0.0
2015-09-10;Slutenvård;Per 100 000;0.000
2015-09-10;Intensivvård;Antal;0.0
2015-09-10;Intensivvård;Per 100 000;0.000
2015-09-17;Slutenvård;Antal;0.0
2015-09-17;Slutenvård;Per 100 000;0.000
2015-09-17;Intensivvård;Antal;0.0
2015-09-17;Intensivvård;Per 100 000;0.000
2015-09-24;Slutenvård;Antal;0.3
2015-09-24;Slutenvård;Per 100 000;0.004
2015-09-24;Intensivvård;Antal;0.0
2015-09-24;Intensivvård;Per 100 000;0.000
2015-10-01;Slutenvård;Antal;0.6
2015-10-01;Slutenvård;Per 100 000;0.008
2015-10-01;Intensivvård;Antal;0.0
2015-10-01;Intensivvård;Per 100 000;0.000
2015-10-08;Slutenvård;Antal;1.4
2015-10-08;Slutenvård;Per 100 000;0.021
2015-10-08;Intensivvård;Antal;0.0
2015-10-08;Intensivvård;Per 100 000;0.000
2015-10-15;Slutenvård;Antal;0.9
2015-10-15;Slutenvård;Per 100 000;0.013
2015-10-15;Intensivvård;Antal;0.0
2015-10-15;Intensivvård;Per 100 000;0.000
2015-10-22;Slutenvård;Antal;0.3
2015-10-22;Slutenvård;Per 100 000;0.004
2015-10-22;Intensivvård;Antal;0.0
2015-10-22;Intensivvård;Per 100 000;0.000
2015-10-29;Slutenvård;Antal;0.3
2015-10-29;Slutenvård;Per 100 000;0.004
2015-10-29;Intensivvård;Antal;0.0
2015-10-29;Intensivvård;Per 100 000;0.000
2015-11-05;Slutenvård;Antal;0.3
2015-11-05;Slutenvård;Per 100 000;0.004
2015-11-05;Intensivvård;Antal;0.0
2015-11-05;Intensivvård;Per 100 000;0.000
2015-11-12;Slutenvård;Antal;1.4
2015-11-12;Slutenvård;Per 100 000;0.021
2015-11-12;Intensivvård;Antal;0.0
2015-11-12;Intensivvård;Per 100 000;0.000
2015-11-19;Slutenvård;Antal;1.1
2015-11-19;Slutenvård;Per 100 000;0.017
2015-11-19;Intensivvård;Antal;0.0
2015-11-19;Intensivvård;Per 100 000;0.000
2015-11-26;Slutenvård;Antal;2.0
2015-11-26;Slutenvård;Per 100 000;0.029
2015-11-26;Intensivvård;Antal;0.3
2015-11-26;Intensivvård;Per 100 000;0.003
2015-12-03;Slutenvård;Antal;3.3
2015-12-03;Slutenvård;Per 100 000;0.048
2015-12-03;Intensivvård;Antal;0.6
2015-12-03;Intensivvård;Per 100 000;0.006
2015-12-10;Slutenvård;Antal;4.9
2015-12-10;Slutenvård;Per 100 000;0.071
2015-12-10;Intensivvård;Antal;0.9
2015-12-10;Intensivvård;Per 100 000;0.009
2015-12-17;Slutenvård;Antal;8.3
2015-12-17;Slutenvård;Per 100 000;0.121
2015-12-17;Intensivvård;Antal;1.1
2015-12-17;Intensivvård;Per 100 000;0.012
2015-12-24;Slutenvård;Antal;14.0
2015-12-24;Slutenvård;Per 100 000;0.205
2015-12-24;Intensivvård;Antal;1.4
2015-12-24;Intensivvård;Per 100 000;0.014
2015-12-31;Slutenvård;Antal;14.3
2015-12-31;Slutenvård;Per 100 000;0.209
2015-12-31;Intensivvård;Antal;1.7
2015-12-31;Intensivvård;Per 100 000;0.017
2016-01-07;Slutenvård;Antal;13.7
2016-01-07;Slutenvård;Per 100 000;0.201
2016-01-07;Intensivvård;Antal;2.3
2016-01-07;Intensivvård;Per 100 000;0.023
2016-01-14;Slutenvård;Antal;13.6
2016-01-14;Slutenvård;Per 100 000;0.199
2016-01-14;Intensivvård;Antal;2.0
2016-01-14;Intensivvård;Per 100 000;0.020
2016-01-21;Slutenvård;Antal;20.3
2016-01-21;Slutenvård;Per 100 000;0.297
2016-01-21;Intensivvård;Antal;2.9
2016-01-21;Intensivvård;Per 100 000;0.029
2016-01-28;Slutenvård;Antal;34.9
2016-01-28;Slutenvård;Per 100 000;0.510
2016-01-28;Intensivvård;Antal;4.1
2016-01-28;Intensivvård;Per 100 000;0.042
2016-02-04;Slutenvård;Antal;43.7
2016-02-04;Slutenvård;Per 100 000;0.640
2016-02-04;Intensivvård;Antal;4.3
2016-02-04;Intensivvård;Per 100 000;0.043
2016-02-11;Slutenvård;Antal;46.3
2016-02-11;Slutenvård;Per 100 000;0.678
2016-02-11;Intensivvård;Antal;7.9
2016-02-11;Intensivvård;Per 100 000;0.080
2016-02-18;Slutenvård;Antal;38.1
2016-02-18;Slutenvård;Per 100 000;0.559
2016-02-18;Intensivvård;Antal;4.9
2016-02-18;Intensivvård;Per 100 000;0.049
2016-02-25;Slutenvård;Antal;34.4
2016-02-25;Slutenvård;Per 100 000;0.504
2016-02-25;Intensivvård;Antal;2.9
2016-02-25;Intensivvård;Per 100 000;0.029
2016-03-03;Slutenvård;Antal;26.1
2016-03-03;Slutenvård;Per 100 000;0.383
2016-03-03;Intensivvård;Antal;2.6
2016-03-03;Intensivvård;Per 100 000;0.026
2016-03-10;Slutenvård;Antal;24.9
2016-03-10;Slutenvård;Per 100 000;0.364
2016-03-10;Intensivvård;Antal;1.4
2016-03-10;Intensivvård;Per 100 000;0.014
2016-03-17;Slutenvård;Antal;20.3
2016-03-17;Slutenvård;Per 100 000;0.297
2016-03-17;Intensivvård;Antal;1.7
2016-03-17;Intensivvård;Per 100 000;0.017
2016-03-24;Slutenvård;Antal;19.3
2016-03-24;Slutenvård;Per 100 000;0.282
2016-03-24;Intensivvård;Antal;1.1
2016-03-24;Intensivvård;Per 100 000;0.012
2016-03-31;Slutenvård;Antal;13.9
2016-03-31;Slutenvård;Per 100 000;0.203
2016-03-31;Intensivvård;Antal;0.9
2016-03-31;Intensivvård;Per 100 000;0.009
2016-04-07;Slutenvård;Antal;9.3
2016-04-07;Slutenvård;Per 100 000;0.136
2016-04-07;Intensivvård;Antal;0.3
2016-04-07;Intensivvård;Per 100 000;0.003
2016-04-14;Slutenvård;Antal;5.9
2016-04-14;Slutenvård;Per 100 000;0.086
2016-04-14;Intensivvård;Antal;0.3
2016-04-14;Intensivvård;Per 100 000;0.003
2016-04-21;Slutenvård;Antal;4.3
2016-04-21;Slutenvård;Per 100 000;0.063
2016-04-21;Intensivvård;Antal;0.3
2016-04-21;Intensivvård;Per 100 000;0.003
2016-04-28;Slutenvård;Antal;2.3
2016-04-28;Slutenvård;Per 100 000;0.033
2016-04-28;Intensivvård;Antal;0.0
2016-04-28;Intensivvård;Per 100 000;0.000
2016-05-05;Slutenvård;Antal;2.3
2016-05-05;Slutenvård;Per 100 000;0.033
2016-05-05;Intensivvård;Antal;0.0
2016-05-05;Intensivvård;Per 100 000;0.000
2016-05-12;Slutenvård;Antal;1.7
2016-05-12;Slutenvård;Per 100 000;0.025
2016-05-12;Intensivvård;Antal;0.0
2016-05-12;Intensivvård;Per 100 000;0.000
2016-05-19;Slutenvård;Antal;1.1
2016-05-19;Slutenvård;Per 100 000;0.017
2016-05-19;Intensivvård;Antal;0.0
2016-05-19;Intensivvård;Per 100 000;0.000
2016-05-26;Slutenvård;Antal;1.1
2016-05-26;Slutenvård;Per 100 000;0.017
2016-05-26;Intensivvård;Antal;0.0
2016-05-26;Intensivvård;Per 100 000;0.000
2016-06-02;Slutenvård;Antal;0.6
2016-06-02;Slutenvård;Per 100 000;0.008
2016-06-02;Intensivvård;Antal;0.0
2016-06-02;Intensivvård;Per 100 000;0.000
2016-06-09;Slutenvård;Antal;0.6
2016-06-09;Slutenvård;Per 100 000;0.008
2016-06-09;Intensivvård;Antal;0.0
2016-06-09;Intensivvård;Per 100 000;0.000
2016-06-16;Slutenvård;Antal;0.3
2016-06-16;Slutenvård;Per 100 000;0.004
2016-06-16;Intensivvård;Antal;0.0
2016-06-16;Intensivvård;Per 100 000;0.000
2016-06-23;Slutenvård;Antal;0.3
2016-06-23;Slutenvård;Per 100 000;0.004
2016-06-23;Intensivvård;Antal;0.0
2016-06-23;Intensivvård;Per 100 000;0.000
2016-06-30;Slutenvård;Antal;0.3
2016-06-30;Slutenvård;Per 100 000;0.004
2016-06-30;Intensivvård;Antal;0.0
2016-06-30;Intensivvård;Per 100 000;0.000
2016-07-07;Slutenvård;Antal;0.3
2016-07-07;Slutenvård;Per 100 000;0.004
2016-07-07;Intensivvård;Antal;0.0
2016-07-07;Intensivvård;Per 100 000;0.000
2016-07-14;Slutenvård;Antal;0.9
2016-07-14;Slutenvård;Per 100 000;0.012
2016-07-14;Intensivvård;Antal;0.0
2016-07-14;Intensivvård;Per 100 000;0.000
2016-07-21;Slutenvård;Antal;0.3
2016-07-21;Slutenvård;Per 100 000;0.004
2016-07-21;Intensivvård;Antal;0.0
2016-07-21;Intensivvård;Per 100 000;0.000
2016-07-28;Slutenvård;Antal;0.0
2016-07-28;Slutenvård;Per 100 000;0.000
2016-07-28;Intensivvård;Antal;0.0
2016-07-28;Intensivvård;Per 100 000;0.000
2016-08-04;Slutenvård;Antal;0.0
2016-08-04;Slutenvård;Per 100 000;0.000
2016-08-04;Intensivvård;Antal;0.0
2016-08-04;Intensivvård;Per 100 000;0.000
2016-08-11;Slutenvård;Antal;0.3
2016-08-11;Slutenvård;Per 100 000;0.004
2016-08-11;Intensivvård;Antal;0.0
2016-08-11;Intensivvård;Per 100 000;0.000
2016-08-18;Slutenvård;Antal;0.3
2016-08-18;Slutenvård;Per 100 000;0.004
2016-08-18;Intensivvård;Antal;0.0
2016-08-18;Intensivvård;Per 100 000;0.000
2016-08-25;Slutenvård;Antal;0.3
2016-08-25;Slutenvård;Per 100 000;0.004
2016-08-25;Intensivvård;Antal;0.0
2016-08-25;Intensivvård;Per 100 000;0.000
2016-09-01;Slutenvård;Antal;0.3
2016-09-01;Slutenvård;Per 100 000;0.004
2016-09-01;Intensivvård;Antal;0.0
2016-09-01;Intensivvård;Per 100 000;0.000
2016-09-08;Slutenvård;Antal;0.3
2016-09-08;Slutenvård;Per 100 000;0.004
2016-09-08;Intensivvård;Antal;0.3
2016-09-08;Intensivvård;Per 100 000;0.003
2016-09-15;Slutenvård;Antal;0.9
2016-09-15;Slutenvård;Per 100 000;0.012
2016-09-15;Intensivvård;Antal;0.0
2016-09-15;Intensivvård;Per 100 000;0.000
2016-09-22;Slutenvård;Antal;0.9
2016-09-22;Slutenvård;Per 100 000;0.012
2016-09-22;Intensivvård;Antal;0.0
2016-09-22;Intensivvård;Per 100 000;0.000
2016-09-29;Slutenvård;Antal;1.4
2016-09-29;Slutenvård;Per 100 000;0.021
2016-09-29;Intensivvård;Antal;0.0
2016-09-29;Intensivvård;Per 100 000;0.000
2016-10-06;Slutenvård;Antal;0.9
2016-10-06;Slutenvård;Per 100 000;0.012
2016-10-06;Intensivvård;Antal;0.0
2016-10-06;Intensivvård;Per 100 000;0.000
2016-10-13;Slutenvård;Antal;0.6
2016-10-13;Slutenvård;Per 100 000;0.008
2016-10-13;Intensivvård;Antal;0.0
2016-10-13;Intensivvård;Per 100 000;0.000
2016-10-20;Slutenvård;Antal;1.1
2016-10-20;Slutenvård;Per 100 000;0.017
2016-10-20;Intensivvård;Antal;0.0
2016-10-20;Intensivvård;Per 100 000;0.000
2016-10-27;Slutenvård;Antal;1.4
2016-10-27;Slutenvård;Per 100 000;0.021
2016-10-27;Intensivvård;Antal;0.0
2016-10-27;Intensivvård;Per 100 000;0.000
2016-11-03;Slutenvård;Antal;1.7
2016-11-03;Slutenvård;Per 100 000;0.025
2016-11-03;Intensivvård;Antal;0.0
2016-11-03;Intensivvård;Per 100 000;0.000
2016-11-10;Slutenvård;Antal;2.9
2016-11-10;Slutenvård;Per 100 000;0.041
2016-11-10;Intensivvård;Antal;0.0
2016-11-10;Intensivvård;Per 100 000;0.000
2016-11-17;Slutenvård;Antal;7.3
2016-11-17;Slutenvård;Per 100 000;0.105
2016-11-17;Intensivvård;Antal;0.6
2016-11-17;Intensivvård;Per 100 000;0.006
2016-11-24;Slutenvård;Antal;8.7
2016-11-24;Slutenvård;Per 100 000;0.126
2016-11-24;Intensivvård;Antal;0.3
2016-11-24;Intensivvård;Per 100 000;0.003
2016-12-01;Slutenvård;Antal;11.7
2016-12-01;Slutenvård;Per 100 000;0.169
2016-12-01;Intensivvård;Antal;0.3
2016-12-01;Intensivvård;Per 100 000;0.003
2016-12-08;Slutenvård;Antal;24.9
2016-12-08;Slutenvård;Per 100 000;0.359
2016-12-08;Intensivvård;Antal;0.9
2016-12-08;Intensivvård;Per 100 000;0.009
2016-12-15;Slutenvård;Antal;40.6
2016-12-15;Slutenvård;Per 100 000;0.586
2016-12-15;Intensivvård;Antal;2.0
2016-12-15;Intensivvård;Per 100 000;0.020
2016-12-22;Slutenvård;Antal;61.0
2016-12-22;Slutenvård;Per 100 000;0.881
2016-12-22;Intensivvård;Antal;1.7
2016-12-22;Intensivvård;Per 100 000;0.017
2016-12-29;Slutenvård;Antal;84.1
2016-12-29;Slutenvård;Per 100 000;1.215
2016-12-29;Intensivvård;Antal;5.0
2016-12-29;Intensivvård;Per 100 000;0.050
2017-01-05;Slutenvård;Antal;57.4
2017-01-05;Slutenvård;Per 100 000;0.829
2017-01-05;Intensivvård;Antal;3.1
2017-01-05;Intensivvård;Per 100 000;0.031
2017-01-12;Slutenvård;Antal;42.0
2017-01-12;Slutenvård;Per 100 000;0.607
2017-01-12;Intensivvård;Antal;2.0
2017-01-12;Intensivvård;Per 100 000;0.020
2017-01-19;Slutenvård;Antal;34.6
2017-01-19;Slutenvård;Per 100 000;0.499
2017-01-19;Intensivvård;Antal;2.0
2017-01-19;Intensivvård;Per 100 000;0.020
2017-01-26;Slutenvård;Antal;38.3
2017-01-26;Slutenvård;Per 100 000;0.553
2017-01-26;Intensivvård;Antal;2.3
2017-01-26;Intensivvård;Per 100 000;0.023
2017-02-02;Slutenvård;Antal;39.0
2017-02-02;Slutenvård;Per 100 000;0.563
2017-02-02;Intensivvård;Antal;2.4
2017-02-02;Intensivvård;Per 100 000;0.024
2017-02-09;Slutenvård;Antal;45.0
2017-02-09;Slutenvård;Per 100 000;0.650
2017-02-09;Intensivvård;Antal;2.3
2017-02-09;Intensivvård;Per 100 000;0.023
2017-02-16;Slutenvård;Antal;51.3
2017-02-16;Slutenvård;Per 100 000;0.741
2017-02-16;Intensivvård;Antal;2.4
2017-02-16;Intensivvård;Per 100 000;0.024
2017-02-23;Slutenvård;Antal;54.4
2017-02-23;Slutenvård;Per 100 000;0.786
2017-02-23;Intensivvård;Antal;2.6
2017-02-23;Intensivvård;Per 100 000;0.026
2017-03-02;Slutenvård;Antal;37.4
2017-03-02;Slutenvård;Per 100 000;0.541
2017-03-02;Intensivvård;Antal;2.0
2017-03-02;Intensivvård;Per 100 000;0.020
2017-03-09;Slutenvård;Antal;24.1
2017-03-09;Slutenvård;Per 100 000;0.349
2017-03-09;Intensivvård;Antal;2.1
2017-03-09;Intensivvård;Per 100 000;0.021
2017-03-16;Slutenvård;Antal;21.6
2017-03-16;Slutenvård;Per 100 000;0.312
2017-03-16;Intensivvård;Antal;1.1
2017-03-16;Intensivvård;Per 100 000;0.011
2017-03-23;Slutenvård;Antal;17.1
2017-03-23;Slutenvård;Per 100 000;0.248
2017-03-23;Intensivvård;Antal;0.9
2017-03-23;Intensivvård;Per 100 000;0.009
2017-03-30;Slutenvård;Antal;13.4
2017-03-30;Slutenvård;Per 100 000;0.194
2017-03-30;Intensivvård;Antal;0.3
2017-03-30;Intensivvård;Per 100 000;0.003
2017-04-06;Slutenvård;Antal;9.9
2017-04-06;Slutenvård;Per 100 000;0.142
2017-04-06;Intensivvård;Antal;0.6
2017-04-06;Intensivvård;Per 100 000;0.006
2017-04-13;Slutenvård;Antal;8.3
2017-04-13;Slutenvård;Per 100 000;0.120
2017-04-13;Intensivvård;Antal;0.3
2017-04-13;Intensivvård;Per 100 000;0.003
2017-04-20;Slutenvård;Antal;4.7
2017-04-20;Slutenvård;Per 100 000;0.068
2017-04-20;Intensivvård;Antal;0.3
2017-04-20;Intensivvård;Per 100 000;0.003
2017-04-27;Slutenvård;Antal;4.6
2017-04-27;Slutenvård;Per 100 000;0.066
2017-04-27;Intensivvård;Antal;0.0
2017-04-27;Intensivvård;Per 100 000;0.000
2017-05-04;Slutenvård;Antal;4.3
2017-05-04;Slutenvård;Per 100 000;0.062
2017-05-04;Intensivvård;Antal;0.0
2017-05-04;Intensivvård;Per 100 000;0.000
2017-05-11;Slutenvård;Antal;5.9
2017-05-11;Slutenvård;Per 100 000;0.085
2017-05-11;Intensivvård;Antal;0.0
2017-05-11;Intensivvård;Per 100 000;0.000
2017-05-18;Slutenvård;Antal;3.7
2017-05-18;Slutenvård;Per 100 000;0.054
2017-05-18;Intensivvård;Antal;0.3
2017-05-18;Intensivvård;Per 100 000;0.003
2017-05-25;Slutenvård;Antal;2.4
2017-05-25;Slutenvård;Per 100 000;0.035
2017-05-25;Intensivvård;Antal;0.0
2017-05-25;Intensivvård;Per 100 000;0.000
2017-06-01;Slutenvård;Antal;1.7
2017-06-01;Slutenvård;Per 100 000;0.025
2017-06-01;Intensivvård;Antal;0.0
2017-06-01;Intensivvård;Per 100 000;0.000
2017-06-08;Slutenvård;Antal;1.4
2017-06-08;Slutenvård;Per 100 000;0.021
2017-06-08;Intensivvård;Antal;0.0
2017-06-08;Intensivvård;Per 100 000;0.000
2017-06-15;Slutenvård;Antal;1.4
2017-06-15;Slutenvård;Per 100 000;0.021
2017-06-15;Intensivvård;Antal;0.0
2017-06-15;Intensivvård;Per 100 000;0.000
2017-06-22;Slutenvård;Antal;0.9
2017-06-22;Slutenvård;Per 100 000;0.012
2017-06-22;Intensivvård;Antal;0.3
2017-06-22;Intensivvård;Per 100 000;0.003
2017-06-29;Slutenvård;Antal;0.3
2017-06-29;Slutenvård;Per 100 000;0.004
2017-06-29;Intensivvård;Antal;0.0
2017-06-29;Intensivvård;Per 100 000;0.000
2017-07-06;Slutenvård;Antal;1.4
2017-07-06;Slutenvård;Per 100 000;0.020
2017-07-06;Intensivvård;Antal;0.0
2017-07-06;Intensivvård;Per 100 000;0.000
2017-07-13;Slutenvård;Antal;0.3
2017-07-13;Slutenvård;Per 100 000;0.004
2017-07-13;Intensivvård;Antal;0.0
2017-07-13;Intensivvård;Per 100 000;0.000
2017-07-20;Slutenvård;Antal;0.0
2017-07-20;Slutenvård;Per 100 000;0.000
2017-07-20;Intensivvård;Antal;0.0
2017-07-20;Intensivvård;Per 100 000;0.000
2017-07-27;Slutenvård;Antal;0.3
2017-07-27;Slutenvård;Per 100 000;0.004
2017-07-27;Intensivvård;Antal;0.0
2017-07-27;Intensivvård;Per 100 000;0.000
2017-08-03;Slutenvård;Antal;0.3
2017-08-03;Slutenvård;Per 100 000;0.004
2017-08-03;Intensivvård;Antal;0.0
2017-08-03;Intensivvård;Per 100 000;0.000
2017-08-10;Slutenvård;Antal;0.3
2017-08-10;Slutenvård;Per 100 000;0.004
2017-08-10;Intensivvård;Antal;0.0
2017-08-10;Intensivvård;Per 100 000;0.000
2017-08-17;Slutenvård;Antal;0.0
2017-08-17;Slutenvård;Per 100 000;0.000
2017-08-17;Intensivvård;Antal;0.0
2017-08-17;Intensivvård;Per 100 000;0.000
2017-08-24;Slutenvård;Antal;0.3
2017-08-24;Slutenvård;Per 100 000;0.004
2017-08-24;Intensivvård;Antal;0.0
2017-08-24;Intensivvård;Per 100 000;0.000
2017-08-31;Slutenvård;Antal;0.3
2017-08-31;Slutenvård;Per 100 000;0.004
2017-08-31;Intensivvård;Antal;0.0
2017-08-31;Intensivvård;Per 100 000;0.000
2017-09-07;Slutenvård;Antal;0.9
2017-09-07;Slutenvård;Per 100 000;0.012
2017-09-07;Intensivvård;Antal;0.0
2017-09-07;Intensivvård;Per 100 000;0.000
2017-09-14;Slutenvård;Antal;0.3
2017-09-14;Slutenvård;Per 100 000;0.004
2017-09-14;Intensivvård;Antal;0.0
2017-09-14;Intensivvård;Per 100 000;0.000
2017-09-21;Slutenvård;Antal;0.6
2017-09-21;Slutenvård;Per 100 000;0.008
2017-09-21;Intensivvård;Antal;0.0
2017-09-21;Intensivvård;Per 100 000;0.000
2017-09-28;Slutenvård;Antal;0.9
2017-09-28;Slutenvård;Per 100 000;0.012
2017-09-28;Intensivvård;Antal;0.0
2017-09-28;Intensivvård;Per 100 000;0.000
2017-10-05;Slutenvård;Antal;0.0
2017-10-05;Slutenvård;Per 100 000;0.000
2017-10-05;Intensivvård;Antal;0.3
2017-10-05;Intensivvård;Per 100 000;0.003
2017-10-12;Slutenvård;Antal;0.6
2017-10-12;Slutenvård;Per 100 000;0.008
2017-10-12;Intensivvård;Antal;0.0
2017-10-12;Intensivvård;Per 100 000;0.000
2017-10-19;Slutenvård;Antal;0.9
2017-10-19;Slutenvård;Per 100 000;0.012
2017-10-19;Intensivvård;Antal;0.0
2017-10-19;Intensivvård;Per 100 000;0.000
2017-10-26;Slutenvård;Antal;1.1
2017-10-26;Slutenvård;Per 100 000;0.016
2017-10-26;Intensivvård;Antal;0.0
2017-10-26;Intensivvård;Per 100 000;0.000
2017-11-02;Slutenvård;Antal;2.7
2017-11-02;Slutenvård;Per 100 000;0.039
2017-11-02;Intensivvård;Antal;0.3
2017-11-02;Intensivvård;Per 100 000;0.003
2017-11-09;Slutenvård;Antal;3.6
2017-11-09;Slutenvård;Per 100 000;0.051
2017-11-09;Intensivvård;Antal;0.3
2017-11-09;Intensivvård;Per 100 000;0.003
2017-11-16;Slutenvård;Antal;2.9
2017-11-16;Slutenvård;Per 100 000;0.041
2017-11-16;Intensivvård;Antal;0.0
2017-11-16;Intensivvård;Per 100 000;0.000
2017-11-23;Slutenvård;Antal;3.0
2017-11-23;Slutenvård;Per 100 000;0.043
2017-11-23;Intensivvård;Antal;0.3
2017-11-23;Intensivvård;Per 100 000;0.003
2017-11-30;Slutenvård;Antal;3.6
2017-11-30;Slutenvård;Per 100 000;0.051
2017-11-30;Intensivvård;Antal;0.3
2017-11-30;Intensivvård;Per 100 000;0.003
2017-12-07;Slutenvård;Antal;7.9
2017-12-07;Slutenvård;Per 100 000;0.112
2017-12-07;Intensivvård;Antal;0.3
2017-12-07;Intensivvård;Per 100 000;0.003
2017-12-14;Slutenvård;Antal;11.7
2017-12-14;Slutenvård;Per 100 000;0.167
2017-12-14;Intensivvård;Antal;0.0
2017-12-14;Intensivvård;Per 100 000;0.000
2017-12-21;Slutenvård;Antal;17.0
2017-12-21;Slutenvård;Per 100 000;0.242
2017-12-21;Intensivvård;Antal;0.6
2017-12-21;Intensivvård;Per 100 000;0.006
2017-12-28;Slutenvård;Antal;31.9
2017-12-28;Slutenvård;Per 100 000;0.454
2017-12-28;Intensivvård;Antal;0.6
2017-12-28;Intensivvård;Per 100 000;0.006
2018-01-04;Slutenvård;Antal;31.0
2018-01-04;Slutenvård;Per 100 000;0.442
2018-01-04;Intensivvård;Antal;0.9
2018-01-04;Intensivvård;Per 100 000;0.008
2018-01-11;Slutenvård;Antal;29.7
2018-01-11;Slutenvård;Per 100 000;0.423
2018-01-11;Intensivvård;Antal;0.9
2018-01-11;Intensivvård;Per 100 000;0.008
2018-01-18;Slutenvård;Antal;38.6
2018-01-18;Slutenvård;Per 100 000;0.549
2018-01-18;Intensivvård;Antal;0.9
2018-01-18;Intensivvård;Per 100 000;0.008
2018-01-25;Slutenvård;Antal;49.1
2018-01-25;Slutenvård;Per 100 000;0.700
2018-01-25;Intensivvård;Antal;1.4
2018-01-25;Intensivvård;Per 100 000;0.014
2018-02-01;Slutenvård;Antal;71.6
2018-02-01;Slutenvård;Per 100 000;1.020
2018-02-01;Intensivvård;Antal;1.4
2018-02-01;Intensivvård;Per 100 000;0.014
2018-02-08;Slutenvård;Antal;94.3
2018-02-08;Slutenvård;Per 100 000;1.343
2018-02-08;Intensivvård;Antal;2.7
2018-02-08;Intensivvård;Per 100 000;0.027
2018-02-15;Slutenvård;Antal;110.1
2018-02-15;Slutenvård;Per 100 000;1.569
2018-02-15;Intensivvård;Antal;1.7
2018-02-15;Intensivvård;Per 100 000;0.017
2018-02-22;Slutenvård;Antal;102.9
2018-02-22;Slutenvård;Per 100 000;1.465
2018-02-22;Intensivvård;Antal;1.1
2018-02-22;Intensivvård;Per 100 000;0.011
2018-03-01;Slutenvård;Antal;98.1
2018-03-01;Slutenvård;Per 100 000;1.398
2018-03-01;Intensivvård;Antal;0.9
2018-03-01;Intensivvård;Per 100 000;0.008
2018-03-08;Slutenvård;Antal;89.6
2018-03-08;Slutenvård;Per 100 000;1.276
2018-03-08;Intensivvård;Antal;1.7
2018-03-08;Intensivvård;Per 100 000;0.017
2018-03-15;Slutenvård;Antal;68.6
2018-03-15;Slutenvård;Per 100 000;0.977
2018-03-15;Intensivvård;Antal;2.0
2018-03-15;Intensivvård;Per 100 000;0.020
2018-03-22;Slutenvård;Antal;68.1
2018-03-22;Slutenvård;Per 100 000;0.971
2018-03-22;Intensivvård;Antal;2.4
2018-03-22;Intensivvård;Per 100 000;0.024
2018-03-29;Slutenvård;Antal;54.1
2018-03-29;Slutenvård;Per 100 000;0.771
2018-03-29;Intensivvård;Antal;1.4
2018-03-29;Intensivvård;Per 100 000;0.014
2018-04-05;Slutenvård;Antal;45.3
2018-04-05;Slutenvård;Per 100 000;0.645
2018-04-05;Intensivvård;Antal;2.0
2018-04-05;Intensivvård;Per 100 000;0.020
2018-04-12;Slutenvård;Antal;25.6
2018-04-12;Slutenvård;Per 100 000;0.364
2018-04-12;Intensivvård;Antal;1.4
2018-04-12;Intensivvård;Per 100 000;0.014
2018-04-19;Slutenvård;Antal;18.1
2018-04-19;Slutenvård;Per 100 000;0.258
2018-04-19;Intensivvård;Antal;1.1
2018-04-19;Intensivvård;Per 100 000;0.011
2018-04-26;Slutenvård;Antal;9.9
2018-04-26;Slutenvård;Per 100 000;0.140
2018-04-26;Intensivvård;Antal;0.6
2018-04-26;Intensivvård;Per 100 000;0.006
2018-05-03;Slutenvård;Antal;5.0
2018-05-03;Slutenvård;Per 100 000;0.071
2018-05-03;Intensivvård;Antal;0.0
2018-05-03;Intensivvård;Per 100 000;0.000
2018-05-10;Slutenvård;Antal;2.3
2018-05-10;Slutenvård;Per 100 000;0.033
2018-05-10;Intensivvård;Antal;0.0
2018-05-10;Intensivvård;Per 100 000;0.000
2018-05-17;Slutenvård;Antal;1.7
2018-05-17;Slutenvård;Per 100 000;0.024
2018-05-17;Intensivvård;Antal;0.3
2018-05-17;Intensivvård;Per 100 000;0.003
2018-05-24;Slutenvård;Antal;0.6
2018-05-24;Slutenvård;Per 100 000;0.008
2018-05-24;Intensivvård;Antal;0.0
2018-05-24;Intensivvård;Per 100 000;0.000
2018-05-31;Slutenvård;Antal;0.3
2018-05-31;Slutenvård;Per 100 000;0.004
2018-05-31;Intensivvård;Antal;0.0
2018-05-31;Intensivvård;Per 100 000;0.000
2018-06-07;Slutenvård;Antal;0.3
2018-06-07;Slutenvård;Per 100 000;0.004
2018-06-07;Intensivvård;Antal;0.3
2018-06-07;Intensivvård;Per 100 000;0.003
2018-06-14;Slutenvård;Antal;0.3
2018-06-14;Slutenvård;Per 100 000;0.004
2018-06-14;Intensivvård;Antal;0.0
2018-06-14;Intensivvård;Per 100 000;0.000
2018-06-21;Slutenvård;Antal;0.3
2018-06-21;Slutenvård;Per 100 000;0.004
2018-06-21;Intensivvård;Antal;0.0
2018-06-21;Intensivvård;Per 100 000;0.000
2018-06-28;Slutenvård;Antal;0.6
2018-06-28;Slutenvård;Per 100 000;0.008
2018-06-28;Intensivvård;Antal;0.0
2018-06-28;Intensivvård;Per 100 000;0.000
2018-07-05;Slutenvård;Antal;0.3
2018-07-05;Slutenvård;Per 100 000;0.004
2018-07-05;Intensivvård;Antal;0.0
2018-07-05;Intensivvård;Per 100 000;0.000
2018-07-12;Slutenvård;Antal;0.3
2018-07-12;Slutenvård;Per 100 000;0.004
2018-07-12;Intensivvård;Antal;0.0
2018-07-12;Intensivvård;Per 100 000;0.000
2018-07-19;Slutenvård;Antal;0.3
2018-07-19;Slutenvård;Per 100 000;0.004
2018-07-19;Intensivvård;Antal;0.0
2018-07-19;Intensivvård;Per 100 000;0.000
2018-07-26;Slutenvård;Antal;0.9
2018-07-26;Slutenvård;Per 100 000;0.012
2018-07-26;Intensivvård;Antal;0.0
2018-07-26;Intensivvård;Per 100 000;0.000
2018-08-02;Slutenvård;Antal;0.3
2018-08-02;Slutenvård;Per 100 000;0.004
2018-08-02;Intensivvård;Antal;0.0
2018-08-02;Intensivvård;Per 100 000;0.000
2018-08-09;Slutenvård;Antal;0.3
2018-08-09;Slutenvård;Per 100 000;0.004
2018-08-09;Intensivvård;Antal;0.3
2018-08-09;Intensivvård;Per 100 000;0.003
2018-08-16;Slutenvård;Antal;0.6
2018-08-16;Slutenvård;Per 100 000;0.008
2018-08-16;Intensivvård;Antal;0.0
2018-08-16;Intensivvård;Per 100 000;0.000
2018-08-23;Slutenvård;Antal;0.0
2018-08-23;Slutenvård;Per 100 000;0.000
2018-08-23;Intensivvård;Antal;0.0
2018-08-23;Intensivvård;Per 100 000;0.000
2018-08-30;Slutenvård;Antal;0.6
2018-08-30;Slutenvård;Per 100 000;0.008
2018-08-30;Intensivvård;Antal;0.0
2018-08-30;Intensivvård;Per 100 000;0.000
2018-09-06;Slutenvård;Antal;0.6
2018-09-06;Slutenvård;Per 100 000;0.008
2018-09-06;Intensivvård;Antal;0.0
2018-09-06;Intensivvård;Per 100 000;0.000
2018-09-13;Slutenvård;Antal;0.6
2018-09-13;Slutenvård;Per 100 000;0.008
2018-09-13;Intensivvård;Antal;0.0
2018-09-13;Intensivvård;Per 100 000;0.000
2018-09-20;Slutenvård;Antal;0.3
2018-09-20;Slutenvård;Per 100 000;0.004
2018-09-20;Intensivvård;Antal;0.0
2018-09-20;Intensivvård;Per 100 000;0.000
2018-09-27;Slutenvård;Antal;0.6
2018-09-27;Slutenvård;Per 100 000;0.008
2018-09-27;Intensivvård;Antal;0.0
2018-09-27;Intensivvård;Per 100 000;0.000
2018-10-04;Slutenvård;Antal;0.0
2018-10-04;Slutenvård;Per 100 000;0.000
2018-10-04;Intensivvård;Antal;0.0
2018-10-04;Intensivvård;Per 100 000;0.000
2018-10-11;Slutenvård;Antal;0.3
2018-10-11;Slutenvård;Per 100 000;0.004
2018-10-11;Intensivvård;Antal;0.0
2018-10-11;Intensivvård;Per 100 000;0.000
2018-10-18;Slutenvård;Antal;0.9
2018-10-18;Slutenvård;Per 100 000;0.012
2018-10-18;Intensivvård;Antal;0.0
2018-10-18;Intensivvård;Per 100 000;0.000
2018-10-25;Slutenvård;Antal;0.3
2018-10-25;Slutenvård;Per 100 000;0.004
2018-10-25;Intensivvård;Antal;0.0
2018-10-25;Intensivvård;Per 100 000;0.000
2018-11-01;Slutenvård;Antal;1.1
2018-11-01;Slutenvård;Per 100 000;0.016
2018-11-01;Intensivvård;Antal;0.0
2018-11-01;Intensivvård;Per 100 000;0.000
2018-11-08;Slutenvård;Antal;1.1
2018-11-08;Slutenvård;Per 100 000;0.016
2018-11-08;Intensivvård;Antal;0.3
2018-11-08;Intensivvård;Per 100 000;0.003
2018-11-15;Slutenvård;Antal;0.9
2018-11-15;Slutenvård;Per 100 000;0.012
2018-11-15;Intensivvård;Antal;0.6
2018-11-15;Intensivvård;Per 100 000;0.006
2018-11-22;Slutenvård;Antal;1.7
2018-11-22;Slutenvård;Per 100 000;0.024
2018-11-22;Intensivvård;Antal;0.0
2018-11-22;Intensivvård;Per 100 000;0.000
2018-11-29;Slutenvård;Antal;3.9
2018-11-29;Slutenvård;Per 100 000;0.054
2018-11-29;Intensivvård;Antal;0.3
2018-11-29;Intensivvård;Per 100 000;0.003
2018-12-06;Slutenvård;Antal;5.9
2018-12-06;Slutenvård;Per 100 000;0.082
2018-12-06;Intensivvård;Antal;0.6
2018-12-06;Intensivvård;Per 100 000;0.006
2018-12-13;Slutenvård;Antal;13.4
2018-12-13;Slutenvård;Per 100 000;0.189
2018-12-13;Intensivvård;Antal;2.0
2018-12-13;Intensivvård;Per 100 000;0.020
2018-12-20;Slutenvård;Antal;19.7
2018-12-20;Slutenvård;Per 100 000;0.278
2018-12-20;Intensivvård;Antal;1.4
2018-12-20;Intensivvård;Per 100 000;0.014
2018-12-27;Slutenvård;Antal;40.0
2018-12-27;Slutenvård;Per 100 000;0.563
2018-12-27;Intensivvård;Antal;2.9
2018-12-27;Intensivvård;Per 100 000;0.028
2019-01-03;Slutenvård;Antal;36.4
2019-01-03;Slutenvård;Per 100 000;0.513
2019-01-03;Intensivvård;Antal;4.4
2019-01-03;Intensivvård;Per 100 000;0.043
2019-01-10;Slutenvård;Antal;32.4
2019-01-10;Slutenvård;Per 100 000;0.456
2019-01-10;Intensivvård;Antal;2.4
2019-01-10;Intensivvård;Per 100 000;0.024
2019-01-17;Slutenvård;Antal;32.9
2019-01-17;Slutenvård;Per 100 000;0.463
2019-01-17;Intensivvård;Antal;2.7
2019-01-17;Intensivvård;Per 100 000;0.027
2019-01-24;Slutenvård;Antal;41.1
2019-01-24;Slutenvård;Per 100 000;0.579
2019-01-24;Intensivvård;Antal;3.3
2019-01-24;Intensivvård;Per 100 000;0.032
2019-01-31;Slutenvård;Antal;58.9
2019-01-31;Slutenvård;Per 100 000;0.829
2019-01-31;Intensivvård;Antal;3.6
2019-01-31;Intensivvård;Per 100 000;0.035
2019-02-07;Slutenvård;Antal;60.4
2019-02-07;Slutenvård;Per 100 000;0.851
2019-02-07;Intensivvård;Antal;3.6
2019-02-07;Intensivvård;Per 100 000;0.035
2019-02-14;Slutenvård;Antal;55.6
2019-02-14;Slutenvård;Per 100 000;0.782
2019-02-14;Intensivvård;Antal;3.7
2019-02-14;Intensivvård;Per 100 000;0.036
2019-02-21;Slutenvård;Antal;48.4
2019-02-21;Slutenvård;Per 100 000;0.682
2019-02-21;Intensivvård;Antal;3.1
2019-02-21;Intensivvård;Per 100 000;0.031
2019-02-28;Slutenvård;Antal;44.6
2019-02-28;Slutenvård;Per 100 000;0.627
2019-02-28;Intensivvård;Antal;2.6
2019-02-28;Intensivvård;Per 100 000;0.025
2019-03-07;Slutenvård;Antal;33.6
2019-03-07;Slutenvård;Per 100 000;0.473
2019-03-07;Intensivvård;Antal;2.3
2019-03-07;Intensivvård;Per 100 000;0.022
2019-03-14;Slutenvård;Antal;32.3
2019-03-14;Slutenvård;Per 100 000;0.454
2019-03-14;Intensivvård;Antal;2.4
2019-03-14;Intensivvård;Per 100 000;0.024
2019-03-21;Slutenvård;Antal;28.1
2019-03-21;Slutenvård;Per 100 000;0.396
2019-03-21;Intensivvård;Antal;1.4
2019-03-21;Intensivvård;Per 100 000;0.014
2019-03-28;Slutenvård;Antal;26.7
2019-03-28;Slutenvård;Per 100 000;0.376
2019-03-28;Intensivvård;Antal;1.7
2019-03-28;Intensivvård;Per 100 000;0.017
2019-04-04;Slutenvård;Antal;26.3
2019-04-04;Slutenvård;Per 100 000;0.370
2019-04-04;Intensivvård;Antal;1.4
2019-04-04;Intensivvård;Per 100 000;0.014
2019-04-11;Slutenvård;Antal;22.1
2019-04-11;Slutenvård;Per 100 000;0.312
2019-04-11;Intensivvård;Antal;1.1
2019-04-11;Intensivvård;Per 100 000;0.011
2019-04-18;Slutenvård;Antal;21.1
2019-04-18;Slutenvård;Per 100 000;0.298
2019-04-18;Intensivvård;Antal;1.1
2019-04-18;Intensivvård;Per 100 000;0.011
2019-04-25;Slutenvård;Antal;19.3
2019-04-25;Slutenvård;Per 100 000;0.271
2019-04-25;Intensivvård;Antal;0.6
2019-04-25;Intensivvård;Per 100 000;0.006
2019-05-02;Slutenvård;Antal;11.3
2019-05-02;Slutenvård;Per 100 000;0.159
2019-05-02;Intensivvård;Antal;0.6
2019-05-02;Intensivvård;Per 100 000;0.006
2019-05-09;Slutenvård;Antal;6.4
2019-05-09;Slutenvård;Per 100 000;0.090
2019-05-09;Intensivvård;Antal;0.0
2019-05-09;Intensivvård;Per 100 000;0.000
2019-05-16;Slutenvård;Antal;3.9
2019-05-16;Slutenvård;Per 100 000;0.054
2019-05-16;Intensivvård;Antal;0.0
2019-05-16;Intensivvård;Per 100 000;0.000
2019-05-23;Slutenvård;Antal;3.3
2019-05-23;Slutenvård;Per 100 000;0.046
2019-05-23;Intensivvård;Antal;0.0
2019-05-23;Intensivvård;Per 100 000;0.000
2019-05-30;Slutenvård;Antal;3.0
2019-05-30;Slutenvård;Per 100 000;0.042
2019-05-30;Intensivvård;Antal;0.0
2019-05-30;Intensivvård;Per 100 000;0.000
2019-06-06;Slutenvård;Antal;2.0
2019-06-06;Slutenvård;Per 100 000;0.028
2019-06-06;Intensivvård;Antal;0.0
2019-06-06;Intensivvård;Per 100 000;0.000
2019-06-13;Slutenvård;Antal;0.6
2019-06-13;Slutenvård;Per 100 000;0.008
2019-06-13;Intensivvård;Antal;0.0
2019-06-13;Intensivvård;Per 100 000;0.000
2019-06-20;Slutenvård;Antal;0.3
2019-06-20;Slutenvård;Per 100 000;0.004
2019-06-20;Intensivvård;Antal;0.0
2019-06-20;Intensivvård;Per 100 000;0.000
2019-06-27;Slutenvård;Antal;0.3
2019-06-27;Slutenvård;Per 100 000;0.004
2019-06-27;Intensivvård;Antal;0.0
2019-06-27;Intensivvård;Per 100 000;0.000
2019-07-04;Slutenvård;Antal;0.3
2019-07-04;Slutenvård;Per 100 000;0.004
2019-07-04;Intensivvård;Antal;0.0
2019-07-04;Intensivvård;Per 100 000;0.000
2019-07-11;Slutenvård;Antal;0.6
2019-07-11;Slutenvård;Per 100 000;0.008
2019-07-11;Intensivvård;Antal;0.3
2019-07-11;Intensivvård;Per 100 000;0.003
2019-07-18;Slutenvård;Antal;0.3
2019-07-18;Slutenvård;Per 100 000;0.004
2019-07-18;Intensivvård;Antal;0.0
2019-07-18;Intensivvård;Per 100 000;0.000
2019-07-25;Slutenvård;Antal;0.3
2019-07-25;Slutenvård;Per 100 000;0.004
2019-07-25;Intensivvård;Antal;0.0
2019-07-25;Intensivvård;Per 100 000;0.000
2019-08-01;Slutenvård;Antal;0.3
2019-08-01;Slutenvård;Per 100 000;0.004
2019-08-01;Intensivvård;Antal;0.0
2019-08-01;Intensivvård;Per 100 000;0.000
2019-08-08;Slutenvård;Antal;0.3
2019-08-08;Slutenvård;Per 100 000;0.004
2019-08-08;Intensivvård;Antal;0.0
2019-08-08;Intensivvård;Per 100 000;0.000
2019-08-15;Slutenvård;Antal;0.3
2019-08-15;Slutenvård;Per 100 000;0.004
2019-08-15;Intensivvård;Antal;0.3
2019-08-15;Intensivvård;Per 100 000;0.003
2019-08-22;Slutenvård;Antal;1.1
2019-08-22;Slutenvård;Per 100 000;0.016
2019-08-22;Intensivvård;Antal;0.0
2019-08-22;Intensivvård;Per 100 000;0.000
2019-08-29;Slutenvård;Antal;1.1
2019-08-29;Slutenvård;Per 100 000;0.016
2019-08-29;Intensivvård;Antal;0.0
2019-08-29;Intensivvård;Per 100 000;0.000
2019-09-05;Slutenvård;Antal;0.6
2019-09-05;Slutenvård;Per 100 000;0.008
2019-09-05;Intensivvård;Antal;0.0
2019-09-05;Intensivvård;Per 100 000;0.000
2019-09-12;Slutenvård;Antal;0.3
2019-09-12;Slutenvård;Per 100 000;0.004
2019-09-12;Intensivvård;Antal;0.0
2019-09-12;Intensivvård;Per 100 000;0.000
2019-09-19;Slutenvård;Antal;0.3
2019-09-19;Slutenvård;Per 100 000;0.004
2019-09-19;Intensivvård;Antal;0.0
2019-09-19;Intensivvård;Per 100 000;0.000
2019-09-26;Slutenvård;Antal;0.6
2019-09-26;Slutenvård;Per 100 000;0.008
2019-09-26;Intensivvård;Antal;0.0
2019-09-26;Intensivvård;Per 100 000;0.000
2019-10-03;Slutenvård;Antal;0.0
2019-10-03;Slutenvård;Per 100 000;0.000
2019-10-03;Intensivvård;Antal;0.0
2019-10-03;Intensivvård;Per 100 000;0.000
2019-10-10;Slutenvård;Antal;1.1
2019-10-10;Slutenvård;Per 100 000;0.016
2019-10-10;Intensivvård;Antal;0.0
2019-10-10;Intensivvård;Per 100 000;0.000
2019-10-17;Slutenvård;Antal;0.6
2019-10-17;Slutenvård;Per 100 000;0.008
2019-10-17;Intensivvård;Antal;0.0
2019-10-17;Intensivvård;Per 100 000;0.000
2019-10-24;Slutenvård;Antal;0.6
2019-10-24;Slutenvård;Per 100 000;0.008
2019-10-24;Intensivvård;Antal;0.0
2019-10-24;Intensivvård;Per 100 000;0.000
2019-10-31;Slutenvård;Antal;1.1
2019-10-31;Slutenvård;Per 100 000;0.016
2019-10-31;Intensivvård;Antal;0.0
2019-10-31;Intensivvård;Per 100 000;0.000
2019-11-07;Slutenvård;Antal;1.7
2019-11-07;Slutenvård;Per 100 000;0.024
2019-11-07;Intensivvård;Antal;0.0
2019-11-07;Intensivvård;Per 100 000;0.000
2019-11-14;Slutenvård;Antal;1.7
2019-11-14;Slutenvård;Per 100 000;0.024
2019-11-14;Intensivvård;Antal;0.0
2019-11-14;Intensivvård;Per 100 000;0.000
2019-11-21;Slutenvård;Antal;2.3
2019-11-21;Slutenvård;Per 100 000;0.032
2019-11-21;Intensivvård;Antal;0.6
2019-11-21;Intensivvård;Per 100 000;0.006
2019-11-28;Slutenvård;Antal;3.0
2019-11-28;Slutenvård;Per 100 000;0.042
2019-11-28;Intensivvård;Antal;0.6
2019-11-28;Intensivvård;Per 100 000;0.006
2019-12-05;Slutenvård;Antal;6.7
2019-12-05;Slutenvård;Per 100 000;0.094
2019-12-05;Intensivvård;Antal;0.3
2019-12-05;Intensivvård;Per 100 000;0.003
2019-12-12;Slutenvård;Antal;7.3
2019-12-12;Slutenvård;Per 100 000;0.102
2019-12-12;Intensivvård;Antal;0.6
2019-12-12;Intensivvård;Per 100 000;0.006
2019-12-19;Slutenvård;Antal;13.6
2019-12-19;Slutenvård;Per 100 000;0.189
2019-12-19;Intensivvård;Antal;1.9
2019-12-19;Intensivvård;Per 100 000;0.018
2019-12-26;Slutenvård;Antal;16.6
2019-12-26;Slutenvård;Per 100 000;0.231
2019-12-26;Intensivvård;Antal;1.7
2019-12-26;Intensivvård;Per 100 000;0.017
2020-01-02;Slutenvård;Antal;20.0
2020-01-02;Slutenvård;Per 100 000;0.279
2020-01-02;Intensivvård;Antal;1.1
2020-01-02;Intensivvård;Per 100 000;0.011
2020-01-09;Slutenvård;Antal;17.1
2020-01-09;Slutenvård;Per 100 000;0.239
2020-01-09;Intensivvård;Antal;2.3
2020-01-09;Intensivvård;Per 100 000;0.022
2020-01-16;Slutenvård;Antal;11.0
2020-01-16;Slutenvård;Per 100 000;0.153
2020-01-16;Intensivvård;Antal;0.9
2020-01-16;Intensivvård;Per 100 000;0.008
2020-01-23;Slutenvård;Antal;13.3
2020-01-23;Slutenvård;Per 100 000;0.185
2020-01-23;Intensivvård;Antal;1.4
2020-01-23;Intensivvård;Per 100 000;0.014
2020-01-30;Slutenvård;Antal;19.1
2020-01-30;Slutenvård;Per 100 000;0.267
2020-01-30;Intensivvård;Antal;2.0
2020-01-30;Intensivvård;Per 100 000;0.019
2020-02-06;Slutenvård;Antal;21.1
2020-02-06;Slutenvård;Per 100 000;0.295
2020-02-06;Intensivvård;Antal;1.7
2020-02-06;Intensivvård;Per 100 000;0.017
2020-02-13;Slutenvård;Antal;27.9
2020-02-13;Slutenvård;Per 100 000;0.388
2020-02-13;Intensivvård;Antal;2.1
2020-02-13;Intensivvård;Per 100 000;0.021
2020-02-20;Slutenvård;Antal;26.7
2020-02-20;Slutenvård;Per 100 000;0.372
2020-02-20;Intensivvård;Antal;1.4
2020-02-20;Intensivvård;Per 100 000;0.014
2020-02-27;Slutenvård;Antal;30.6
2020-02-27;Slutenvård;Per 100 000;0.426
2020-02-27;Intensivvård;Antal;2.0
2020-02-27;Intensivvård;Per 100 000;0.019
2020-03-05;Slutenvård;Antal;31.0
2020-03-05;Slutenvård;Per 100 000;0.432
2020-03-05;Intensivvård;Antal;1.4
2020-03-05;Intensivvård;Per 100 000;0.014
2020-03-12;Slutenvård;Antal;25.3
2020-03-12;Slutenvård;Per 100 000;0.353
2020-03-12;Intensivvård;Antal;2.0
2020-03-12;Intensivvård;Per 100 000;0.019
2020-03-19;Slutenvård;Antal;13.9
2020-03-19;Slutenvård;Per 100 000;0.193
2020-03-19;Intensivvård;Antal;1.7
2020-03-19;Intensivvård;Per 100 000;0.017
2020-03-26;Slutenvård;Antal;5.7
2020-03-26;Slutenvård;Per 100 000;0.080
2020-03-26;Intensivvård;Antal;0.9
2020-03-26;Intensivvård;Per 100 000;0.008
2020-04-02;Slutenvård;Antal;1.4
2020-04-02;Slutenvård;Per 100 000;0.020
2020-04-02;Intensivvård;Antal;0.0
2020-04-02;Intensivvård;Per 100 000;0.000
2020-04-09;Slutenvård;Antal;1.3
2020-04-09;Slutenvård;Per 100 000;0.018
2020-04-09;Intensivvård;Antal;0.0
2020-04-09;Intensivvård;Per 100 000;0.000
2020-04-16;Slutenvård;Antal;1.4
2020-04-16;Slutenvård;Per 100 000;0.020
2020-04-16;Intensivvård;Antal;0.0
2020-04-16;Intensivvård;Per 100 000;0.000
2020-04-23;Slutenvård;Antal;1.1
2020-04-23;Slutenvård;Per 100 000;0.016
2020-04-23;Intensivvård;Antal;0.0
2020-04-23;Intensivvård;Per 100 000;0.000
2020-04-30;Slutenvård;Antal;0.0
2020-04-30;Slutenvård;Per 100 000;0.000
2020-04-30;Intensivvård;Antal;0.0
2020-04-30;Intensivvård;Per 100 000;0.000
2020-05-07;Slutenvård;Antal;0.0
2020-05-07;Slutenvård;Per 100 000;0.000
2020-05-07;Intensivvård;Antal;0.0
2020-05-07;Intensivvård;Per 100 000;0.000
2020-05-14;Slutenvård;Antal;0.0
2020-05-14;Slutenvård;Per 100 000;0.000
2020-05-14;Intensivvård;Antal;0.0
2020-05-14;Intensivvård;Per 100 000;0.000
2020-05-21;Slutenvård;Antal;0.3
2020-05-21;Slutenvård;Per 100 000;0.004
2020-05-21;Intensivvård;Antal;0.0
2020-05-21;Intensivvård;Per 100 000;0.000
2020-05-28;Slutenvård;Antal;0.0
2020-05-28;Slutenvård;Per 100 000;0.000
2020-05-28;Intensivvård;Antal;0.0
2020-05-28;Intensivvård;Per 100 000;0.000
2020-06-04;Slutenvård;Antal;0.0
2020-06-04;Slutenvård;Per 100 000;0.000
2020-06-04;Intensivvård;Antal;0.0
2020-06-04;Intensivvård;Per 100 000;0.000
2020-06-11;Slutenvård;Antal;0.3
2020-06-11;Slutenvård;Per 100 000;0.004
2020-06-11;Intensivvård;Antal;0.0
2020-06-11;Intensivvård;Per 100 000;0.000
2020-06-18;Slutenvård;Antal;0.0
2020-06-18;Slutenvård;Per 100 000;0.000
2020-06-18;Intensivvård;Antal;0.0
2020-06-18;Intensivvård;Per 100 000;0.000
2020-06-25;Slutenvård;Antal;0.0
2020-06-25;Slutenvård;Per 100 000;0.000
2020-06-25;Intensivvård;Antal;0.0
2020-06-25;Intensivvård;Per 100 000;0.000
2020-07-02;Slutenvård;Antal;0.3
2020-07-02;Slutenvård;Per 100 000;0.004
2020-07-02;Intensivvård;Antal;0.0
2020-07-02;Intensivvård;Per 100 000;0.000
2020-07-09;Slutenvård;Antal;0.0
2020-07-09;Slutenvård;Per 100 000;0.000
2020-07-09;Intensivvård;Antal;0.0
2020-07-09;Intensivvård;Per 100 000;0.000
2020-07-16;Slutenvård;Antal;0.3
2020-07-16;Slutenvård;Per 100 000;0.004
2020-07-16;Intensivvård;Antal;0.0
2020-07-16;Intensivvård;Per 100 000;0.000
2020-07-23;Slutenvård;Antal;0.0
2020-07-23;Slutenvård;Per 100 000;0.000
2020-07-23;Intensivvård;Antal;0.0
2020-07-23;Intensivvård;Per 100 000;0.000
2020-07-30;Slutenvård;Antal;0.0
2020-07-30;Slutenvård;Per 100 000;0.000
2020-07-30;Intensivvård;Antal;0.0
2020-07-30;Intensivvård;Per 100 000;0.000
2020-08-06;Slutenvård;Antal;0.0
2020-08-06;Slutenvård;Per 100 000;0.000
2020-08-06;Intensivvård;Antal;0.0
2020-08-06;Intensivvård;Per 100 000;0.000
2020-08-13;Slutenvård;Antal;0.0
2020-08-13;Slutenvård;Per 100 000;0.000
2020-08-13;Intensivvård;Antal;0.0
2020-08-13;Intensivvård;Per 100 000;0.000
2020-08-20;Slutenvård;Antal;0.0
2020-08-20;Slutenvård;Per 100 000;0.000
2020-08-20;Intensivvård;Antal;0.0
2020-08-20;Intensivvård;Per 100 000;0.000
2020-08-27;Slutenvård;Antal;0.0
2020-08-27;Slutenvård;Per 100 000;0.000
2020-08-27;Intensivvård;Antal;0.0
2020-08-27;Intensivvård;Per 100 000;0.000
2020-09-03;Slutenvård;Antal;0.0
2020-09-03;Slutenvård;Per 100 000;0.000
2020-09-03;Intensivvård;Antal;0.0
2020-09-03;Intensivvård;Per 100 000;0.000
2020-09-10;Slutenvård;Antal;0.0
2020-09-10;Slutenvård;Per 100 000;0.000
2020-09-10;Intensivvård;Antal;0.0
2020-09-10;Intensivvård;Per 100 000;0.000
2020-09-17;Slutenvård;Antal;0.0
2020-09-17;Slutenvård;Per 100 000;0.000
2020-09-17;Intensivvård;Antal;0.0
2020-09-17;Intensivvård;Per 100 000;0.000
2020-09-24;Slutenvård;Antal;0.0
2020-09-24;Slutenvård;Per 100 000;0.000
2020-09-24;Intensivvård;Antal;0.0
2020-09-24;Intensivvård;Per 100 000;0.000
2020-10-01;Slutenvård;Antal;0.0
2020-10-01;Slutenvård;Per 100 000;0.000
2020-10-01;Intensivvård;Antal;0.0
2020-10-01;Intensivvård;Per 100 000;0.000
2020-10-08;Slutenvård;Antal;0.3
2020-10-08;Slutenvård;Per 100 000;0.004
2020-10-08;Intensivvård;Antal;0.0
2020-10-08;Intensivvård;Per 100 000;0.000
2020-10-15;Slutenvård;Antal;0.0
2020-10-15;Slutenvård;Per 100 000;0.000
2020-10-15;Intensivvård;Antal;0.0
2020-10-15;Intensivvård;Per 100 000;0.000
2020-10-22;Slutenvård;Antal;0.0
2020-10-22;Slutenvård;Per 100 000;0.000
2020-10-22;Intensivvård;Antal;0.0
2020-10-22;Intensivvård;Per 100 000;0.000
2020-10-29;Slutenvård;Antal;0.3
2020-10-29;Slutenvård;Per 100 000;0.004
2020-10-29;Intensivvård;Antal;0.0
2020-10-29;Intensivvård;Per 100 000;0.000
2020-11-05;Slutenvård;Antal;0.0
2020-11-05;Slutenvård;Per 100 000;0.000
2020-11-05;Intensivvård;Antal;0.0
2020-11-05;Intensivvård;Per 100 000;0.000
2020-11-12;Slutenvård;Antal;0.0
2020-11-12;Slutenvård;Per 100 000;0.000
2020-11-12;Intensivvård;Antal;0.0
2020-11-12;Intensivvård;Per 100 000;0.000
2020-11-19;Slutenvård;Antal;0.3
2020-11-19;Slutenvård;Per 100 000;0.004
2020-11-19;Intensivvård;Antal;0.0
2020-11-19;Intensivvård;Per 100 000;0.000
2020-11-26;Slutenvård;Antal;0.3
2020-11-26;Slutenvård;Per 100 000;0.004
2020-11-26;Intensivvård;Antal;0.0
2020-11-26;Intensivvård;Per 100 000;0.000
2020-12-03;Slutenvård;Antal;0.3
2020-12-03;Slutenvård;Per 100 000;0.004
2020-12-03;Intensivvård;Antal;0.0
2020-12-03;Intensivvård;Per 100 000;0.000
2020-12-10;Slutenvård;Antal;0.0
2020-12-10;Slutenvård;Per 100 000;0.000
2020-12-10;Intensivvård;Antal;0.0
2020-12-10;Intensivvård;Per 100 000;0.000
2020-12-17;Slutenvård;Antal;0.0
2020-12-17;Slutenvård;Per 100 000;0.000
2020-12-17;Intensivvård;Antal;0.0
2020-12-17;Intensivvård;Per 100 000;0.000
2020-12-24;Slutenvård;Antal;0.0
2020-12-24;Slutenvård;Per 100 000;0.000
2020-12-24;Intensivvård;Antal;0.0
2020-12-24;Intensivvård;Per 100 000;0.000
2020-12-31;Slutenvård;Antal;0.3
2020-12-31;Slutenvård;Per 100 000;0.004
2020-12-31;Intensivvård;Antal;0.0
2020-12-31;Intensivvård;Per 100 000;0.000
2021-01-07;Slutenvård;Antal;0.3
2021-01-07;Slutenvård;Per 100 000;0.004
2021-01-07;Intensivvård;Antal;0.0
2021-01-07;Intensivvård;Per 100 000;0.000
2021-01-14;Slutenvård;Antal;0.0
2021-01-14;Slutenvård;Per 100 000;0.000
2021-01-14;Intensivvård;Antal;0.0
2021-01-14;Intensivvård;Per 100 000;0.000
2021-01-21;Slutenvård;Antal;0.6
2021-01-21;Slutenvård;Per 100 000;0.008
2021-01-21;Intensivvård;Antal;0.0
2021-01-21;Intensivvård;Per 100 000;0.000
2021-01-28;Slutenvård;Antal;0.6
2021-01-28;Slutenvård;Per 100 000;0.008
2021-01-28;Intensivvård;Antal;0.0
2021-01-28;Intensivvård;Per 100 000;0.000
2021-02-04;Slutenvård;Antal;0.0
2021-02-04;Slutenvård;Per 100 000;0.000
2021-02-04;Intensivvård;Antal;0.0
2021-02-04;Intensivvård;Per 100 000;0.000
2021-02-11;Slutenvård;Antal;0.0
2021-02-11;Slutenvård;Per 100 000;0.000
2021-02-11;Intensivvård;Antal;0.0
2021-02-11;Intensivvård;Per 100 000;0.000
2021-02-18;Slutenvård;Antal;0.3
2021-02-18;Slutenvård;Per 100 000;0.004
2021-02-18;Intensivvård;Antal;0.0
2021-02-18;Intensivvård;Per 100 000;0.000
2021-02-25;Slutenvård;Antal;0.0
2021-02-25;Slutenvård;Per 100 000;0.000
2021-02-25;Intensivvård;Antal;0.0
2021-02-25;Intensivvård;Per 100 000;0.000
2021-03-04;Slutenvård;Antal;0.6
2021-03-04;Slutenvård;Per 100 000;0.008
2021-03-04;Intensivvård;Antal;0.0
2021-03-04;Intensivvård;Per 100 000;0.000
2021-03-11;Slutenvård;Antal;0.6
2021-03-11;Slutenvård;Per 100 000;0.008
2021-03-11;Intensivvård;Antal;0.0
2021-03-11;Intensivvård;Per 100 000;0.000
2021-03-18;Slutenvård;Antal;0.0
2021-03-18;Slutenvård;Per 100 000;0.000
2021-03-18;Intensivvård;Antal;0.0
2021-03-18;Intensivvård;Per 100 000;0.000
2021-03-25;Slutenvård;Antal;0.0
2021-03-25;Slutenvård;Per 100 000;0.000
2021-03-25;Intensivvård;Antal;0.0
2021-03-25;Intensivvård;Per 100 000;0.000
2021-04-01;Slutenvård;Antal;0.0
2021-04-01;Slutenvård;Per 100 000;0.000
2021-04-01;Intensivvård;Antal;0.0
2021-04-01;Intensivvård;Per 100 000;0.000
2021-04-08;Slutenvård;Antal;0.0
2021-04-08;Slutenvård;Per 100 000;0.000
2021-04-08;Intensivvård;Antal;0.0
2021-04-08;Intensivvård;Per 100 000;0.000
2021-04-15;Slutenvård;Antal;0.0
2021-04-15;Slutenvård;Per 100 000;0.000
2021-04-15;Intensivvård;Antal;0.0
2021-04-15;Intensivvård;Per 100 000;0.000
2021-04-22;Slutenvård;Antal;0.0
2021-04-22;Slutenvård;Per 100 000;0.000
2021-04-22;Intensivvård;Antal;0.0
2021-04-22;Intensivvård;Per 100 000;0.000
2021-04-29;Slutenvård;Antal;0.0
2021-04-29;Slutenvård;Per 100 000;0.000
2021-04-29;Intensivvård;Antal;0.0
2021-04-29;Intensivvård;Per 100 000;0.000
2021-05-06;Slutenvård;Antal;0.0
2021-05-06;Slutenvård;Per 100 000;0.000
2021-05-06;Intensivvård;Antal;0.0
2021-05-06;Intensivvård;Per 100 000;0.000
2021-05-13;Slutenvård;Antal;0.3
2021-05-13;Slutenvård;Per 100 000;0.004
2021-05-13;Intensivvård;Antal;0.0
2021-05-13;Intensivvård;Per 100 000;0.000
2021-05-20;Slutenvård;Antal;0.3
2021-05-20;Slutenvård;Per 100 000;0.004
2021-05-20;Intensivvård;Antal;0.0
2021-05-20;Intensivvård;Per 100 000;0.000
2021-05-27;Slutenvård;Antal;0.0
2021-05-27;Slutenvård;Per 100 000;0.000
2021-05-27;Intensivvård;Antal;0.0
2021-05-27;Intensivvård;Per 100 000;0.000
2021-06-03;Slutenvård;Antal;0.0
2021-06-03;Slutenvård;Per 100 000;0.000
2021-06-03;Intensivvård;Antal;0.0
2021-06-03;Intensivvård;Per 100 000;0.000
2021-06-10;Slutenvård;Antal;0.0
2021-06-10;Slutenvård;Per 100 000;0.000
2021-06-10;Intensivvård;Antal;0.0
2021-06-10;Intensivvård;Per 100 000;0.000
2021-06-17;Slutenvård;Antal;0.6
2021-06-17;Slutenvård;Per 100 000;0.008
2021-06-17;Intensivvård;Antal;0.0
2021-06-17;Intensivvård;Per 100 000;0.000
2021-06-24;Slutenvård;Antal;0.0
2021-06-24;Slutenvård;Per 100 000;0.000
2021-06-24;Intensivvård;Antal;0.0
2021-06-24;Intensivvård;Per 100 000;0.000
2021-07-01;Slutenvård;Antal;0.3
2021-07-01;Slutenvård;Per 100 000;0.004
2021-07-01;Intensivvård;Antal;0.0
2021-07-01;Intensivvård;Per 100 000;0.000
2021-07-08;Slutenvård;Antal;0.0
2021-07-08;Slutenvård;Per 100 000;0.000
2021-07-08;Intensivvård;Antal;0.0
2021-07-08;Intensivvård;Per 100 000;0.000
2021-07-15;Slutenvård;Antal;0.0
2021-07-15;Slutenvård;Per 100 000;0.000
2021-07-15;Intensivvård;Antal;0.0
2021-07-15;Intensivvård;Per 100 000;0.000
2021-07-22;Slutenvård;Antal;0.0
2021-07-22;Slutenvård;Per 100 000;0.000
2021-07-22;Intensivvård;Antal;0.0
2021-07-22;Intensivvård;Per 100 000;0.000
2021-07-29;Slutenvård;Antal;0.0
2021-07-29;Slutenvård;Per 100 000;0.000
2021-07-29;Intensivvård;Antal;0.0
2021-07-29;Intensivvård;Per 100 000;0.000
2021-08-05;Slutenvård;Antal;0.0
2021-08-05;Slutenvård;Per 100 000;0.000
2021-08-05;Intensivvård;Antal;0.0
2021-08-05;Intensivvård;Per 100 000;0.000
2021-08-12;Slutenvård;Antal;0.6
2021-08-12;Slutenvård;Per 100 000;0.008
2021-08-12;Intensivvård;Antal;0.0
2021-08-12;Intensivvård;Per 100 000;0.000
2021-08-19;Slutenvård;Antal;0.6
2021-08-19;Slutenvård;Per 100 000;0.008
2021-08-19;Intensivvård;Antal;0.0
2021-08-19;Intensivvård;Per 100 000;0.000
2021-08-26;Slutenvård;Antal;0.0
2021-08-26;Slutenvård;Per 100 000;0.000
2021-08-26;Intensivvård;Antal;0.0
2021-08-26;Intensivvård;Per 100 000;0.000
2021-09-02;Slutenvård;Antal;0.6
2021-09-02;Slutenvård;Per 100 000;0.008
2021-09-02;Intensivvård;Antal;0.0
2021-09-02;Intensivvård;Per 100 000;0.000
2021-09-09;Slutenvård;Antal;0.3
2021-09-09;Slutenvård;Per 100 000;0.004
2021-09-09;Intensivvård;Antal;0.0
2021-09-09;Intensivvård;Per 100 000;0.000
2021-09-16;Slutenvård;Antal;0.3
2021-09-16;Slutenvård;Per 100 000;0.004
2021-09-16;Intensivvård;Antal;0.0
2021-09-16;Intensivvård;Per 100 000;0.000
2021-09-23;Slutenvård;Antal;0.0
2021-09-23;Slutenvård;Per 100 000;0.000
2021-09-23;Intensivvård;Antal;0.0
2021-09-23;Intensivvård;Per 100 000;0.000
2021-09-30;Slutenvård;Antal;0.0
2021-09-30;Slutenvård;Per 100 000;0.000
2021-09-30;Intensivvård;Antal;0.0
2021-09-30;Intensivvård;Per 100 000;0.000
2021-10-07;Slutenvård;Antal;0.6
2021-10-07;Slutenvård;Per 100 000;0.008
2021-10-07;Intensivvård;Antal;0.0
2021-10-07;Intensivvård;Per 100 000;0.000
2021-10-14;Slutenvård;Antal;0.9
2021-10-14;Slutenvård;Per 100 000;0.012
2021-10-14;Intensivvård;Antal;0.0
2021-10-14;Intensivvård;Per 100 000;0.000
2021-10-21;Slutenvård;Antal;1.1
2021-10-21;Slutenvård;Per 100 000;0.016
2021-10-21;Intensivvård;Antal;0.0
2021-10-21;Intensivvård;Per 100 000;0.000
2021-10-28;Slutenvård;Antal;1.1
2021-10-28;Slutenvård;Per 100 000;0.016
2021-10-28;Intensivvård;Antal;0.3
2021-10-28;Intensivvård;Per 100 000;0.003
2021-11-04;Slutenvård;Antal;1.4
2021-11-04;Slutenvård;Per 100 000;0.020
2021-11-04;Intensivvård;Antal;0.0
2021-11-04;Intensivvård;Per 100 000;0.000
2021-11-11;Slutenvård;Antal;3.6
2021-11-11;Slutenvård;Per 100 000;0.049
2021-11-11;Intensivvård;Antal;0.3
2021-11-11;Intensivvård;Per 100 000;0.003
2021-11-18;Slutenvård;Antal;4.0
2021-11-18;Slutenvård;Per 100 000;0.055
2021-11-18;Intensivvård;Antal;0.3
2021-11-18;Intensivvård;Per 100 000;0.003
2021-11-25;Slutenvård;Antal;6.7
2021-11-25;Slutenvård;Per 100 000;0.092
2021-11-25;Intensivvård;Antal;0.6
2021-11-25;Intensivvård;Per 100 000;0.005
2021-12-02;Slutenvård;Antal;20.6
2021-12-02;Slutenvård;Per 100 000;0.283
2021-12-02;Intensivvård;Antal;1.4
2021-12-02;Intensivvård;Per 100 000;0.014
2021-12-09;Slutenvård;Antal;40.7
2021-12-09;Slutenvård;Per 100 000;0.559
2021-12-09;Intensivvård;Antal;1.4
2021-12-09;Intensivvård;Per 100 000;0.014
2021-12-16;Slutenvård;Antal;53.9
2021-12-16;Slutenvård;Per 100 000;0.740
2021-12-16;Intensivvård;Antal;1.1
2021-12-16;Intensivvård;Per 100 000;0.011
2021-12-23;Slutenvård;Antal;49.6
2021-12-23;Slutenvård;Per 100 000;0.681
2021-12-23;Intensivvård;Antal;2.4
2021-12-23;Intensivvård;Per 100 000;0.023
2021-12-30;Slutenvård;Antal;50.3
2021-12-30;Slutenvård;Per 100 000;0.691
2021-12-30;Intensivvård;Antal;2.4
2021-12-30;Intensivvård;Per 100 000;0.023
2022-01-06;Slutenvård;Antal;25.7
2022-01-06;Slutenvård;Per 100 000;0.353
2022-01-06;Intensivvård;Antal;1.7
2022-01-06;Intensivvård;Per 100 000;0.016
2022-01-13;Slutenvård;Antal;7.0
2022-01-13;Slutenvård;Per 100 000;0.096
2022-01-13;Intensivvård;Antal;0.6
2022-01-13;Intensivvård;Per 100 000;0.005
2022-01-20;Slutenvård;Antal;3.4
2022-01-20;Slutenvård;Per 100 000;0.047
2022-01-20;Intensivvård;Antal;0.6
2022-01-20;Intensivvård;Per 100 000;0.005
2022-01-27;Slutenvård;Antal;1.1
2022-01-27;Slutenvård;Per 100 000;0.016
2022-01-27;Intensivvård;Antal;0.0
2022-01-27;Intensivvård;Per 100 000;0.000
2022-02-03;Slutenvård;Antal;1.1
2022-02-03;Slutenvård;Per 100 000;0.016
2022-02-03;Intensivvård;Antal;0.0
2022-02-03;Intensivvård;Per 100 000;0.000
2022-02-10;Slutenvård;Antal;1.1
2022-02-10;Slutenvård;Per 100 000;0.016
2022-02-10;Intensivvård;Antal;0.0
2022-02-10;Intensivvård;Per 100 000;0.000
2022-02-17;Slutenvård;Antal;0.6
2022-02-17;Slutenvård;Per 100 000;0.008
2022-02-17;Intensivvård;Antal;0.0
2022-02-17;Intensivvård;Per 100 000;0.000
2022-02-24;Slutenvård;Antal;1.1
2022-02-24;Slutenvård;Per 100 000;0.016
2022-02-24;Intensivvård;Antal;0.0
2022-02-24;Intensivvård;Per 100 000;0.000
2022-03-03;Slutenvård;Antal;1.4
2022-03-03;Slutenvård;Per 100 000;0.020
2022-03-03;Intensivvård;Antal;0.0
2022-03-03;Intensivvård;Per 100 000;0.000
2022-03-10;Slutenvård;Antal;2.0
2022-03-10;Slutenvård;Per 100 000;0.027
2022-03-10;Intensivvård;Antal;0.0
2022-03-10;Intensivvård;Per 100 000;0.000
2022-03-17;Slutenvård;Antal;3.1
2022-03-17;Slutenvård;Per 100 000;0.043
2022-03-17;Intensivvård;Antal;0.6
2022-03-17;Intensivvård;Per 100 000;0.005
2022-03-24;Slutenvård;Antal;4.9
2022-03-24;Slutenvård;Per 100 000;0.067
2022-03-24;Intensivvård;Antal;0.9
2022-03-24;Intensivvård;Per 100 000;0.008
2022-03-31;Slutenvård;Antal;6.7
2022-03-31;Slutenvård;Per 100 000;0.092
2022-03-31;Intensivvård;Antal;0.6
2022-03-31;Intensivvård;Per 100 000;0.005
2022-04-07;Slutenvård;Antal;13.0
2022-04-07;Slutenvård;Per 100 000;0.179
2022-04-07;Intensivvård;Antal;0.9
2022-04-07;Intensivvård;Per 100 000;0.008
2022-04-14;Slutenvård;Antal;18.9
2022-04-14;Slutenvård;Per 100 000;0.259
2022-04-14;Intensivvård;Antal;1.4
2022-04-14;Intensivvård;Per 100 000;0.014
2022-04-21;Slutenvård;Antal;18.6
2022-04-21;Slutenvård;Per 100 000;0.255
2022-04-21;Intensivvård;Antal;1.4
2022-04-21;Intensivvård;Per 100 000;0.014
2022-04-28;Slutenvård;Antal;14.4
2022-04-28;Slutenvård;Per 100 000;0.198
2022-04-28;Intensivvård;Antal;0.9
2022-04-28;Intensivvård;Per 100 000;0.008
2022-05-05;Slutenvård;Antal;11.6
2022-05-05;Slutenvård;Per 100 000;0.159
2022-05-05;Intensivvård;Antal;0.3
2022-05-05;Intensivvård;Per 100 000;0.003
2022-05-12;Slutenvård;Antal;10.3
2022-05-12;Slutenvård;Per 100 000;0.141
2022-05-12;Intensivvård;Antal;0.6
2022-05-12;Intensivvård;Per 100 000;0.005
2022-05-19;Slutenvård;Antal;7.6
2022-05-19;Slutenvård;Per 100 000;0.104
2022-05-19;Intensivvård;Antal;0.3
2022-05-19;Intensivvård;Per 100 000;0.003
2022-05-26;Slutenvård;Antal;6.7
2022-05-26;Slutenvård;Per 100 000;0.092
2022-05-26;Intensivvård;Antal;0.3
2022-05-26;Intensivvård;Per 100 000;0.003
2022-06-02;Slutenvård;Antal;4.7
2022-06-02;Slutenvård;Per 100 000;0.065
2022-06-02;Intensivvård;Antal;0.0
2022-06-02;Intensivvård;Per 100 000;0.000
2022-06-09;Slutenvård;Antal;3.6
2022-06-09;Slutenvård;Per 100 000;0.049
2022-06-09;Intensivvård;Antal;0.3
2022-06-09;Intensivvård;Per 100 000;0.003
2022-06-16;Slutenvård;Antal;3.1
2022-06-16;Slutenvård;Per 100 000;0.043
2022-06-16;Intensivvård;Antal;0.0
2022-06-16;Intensivvård;Per 100 000;0.000
2022-06-23;Slutenvård;Antal;1.7
2022-06-23;Slutenvård;Per 100 000;0.024
2022-06-23;Intensivvård;Antal;0.0
2022-06-23;Intensivvård;Per 100 000;0.000
2022-06-30;Slutenvård;Antal;1.1
2022-06-30;Slutenvård;Per 100 000;0.016
2022-06-30;Intensivvård;Antal;0.3
2022-06-30;Intensivvård;Per 100 000;0.003
2022-07-07;Slutenvård;Antal;1.1
2022-07-07;Slutenvård;Per 100 000;0.016
2022-07-07;Intensivvård;Antal;0.0
2022-07-07;Intensivvård;Per 100 000;0.000
2022-07-14;Slutenvård;Antal;0.9
2022-07-14;Slutenvård;Per 100 000;0.012
2022-07-14;Intensivvård;Antal;0.0
2022-07-14;Intensivvård;Per 100 000;0.000
2022-07-21;Slutenvård;Antal;0.9
2022-07-21;Slutenvård;Per 100 000;0.012
2022-07-21;Intensivvård;Antal;0.0
2022-07-21;Intensivvård;Per 100 000;0.000
2022-07-28;Slutenvård;Antal;0.6
2022-07-28;Slutenvård;Per 100 000;0.008
2022-07-28;Intensivvård;Antal;0.0
2022-07-28;Intensivvård;Per 100 000;0.000
2022-08-04;Slutenvård;Antal;2.0
2022-08-04;Slutenvård;Per 100 000;0.027
2022-08-04;Intensivvård;Antal;0.0
2022-08-04;Intensivvård;Per 100 000;0.000
2022-08-11;Slutenvård;Antal;1.1
2022-08-11;Slutenvård;Per 100 000;0.016
2022-08-11;Intensivvård;Antal;0.0
2022-08-11;Intensivvård;Per 100 000;0.000
2022-08-18;Slutenvård;Antal;1.4
2022-08-18;Slutenvård;Per 100 000;0.020
2022-08-18;Intensivvård;Antal;0.0
2022-08-18;Intensivvård;Per 100 000;0.000
2022-08-25;Slutenvård;Antal;1.4
2022-08-25;Slutenvård;Per 100 000;0.020
2022-08-25;Intensivvård;Antal;0.0
2022-08-25;Intensivvård;Per 100 000;0.000
2022-09-01;Slutenvård;Antal;0.6
2022-09-01;Slutenvård;Per 100 000;0.008
2022-09-01;Intensivvård;Antal;0.0
2022-09-01;Intensivvård;Per 100 000;0.000
2022-09-08;Slutenvård;Antal;1.1
2022-09-08;Slutenvård;Per 100 000;0.016
2022-09-08;Intensivvård;Antal;0.0
2022-09-08;Intensivvård;Per 100 000;0.000
2022-09-15;Slutenvård;Antal;0.6
2022-09-15;Slutenvård;Per 100 000;0.008
2022-09-15;Intensivvård;Antal;0.0
2022-09-15;Intensivvård;Per 100 000;0.000
2022-09-22;Slutenvård;Antal;0.6
2022-09-22;Slutenvård;Per 100 000;0.008
2022-09-22;Intensivvård;Antal;0.0
2022-09-22;Intensivvård;Per 100 000;0.000
2022-09-29;Slutenvård;Antal;1.1
2022-09-29;Slutenvård;Per 100 000;0.016
2022-09-29;Intensivvård;Antal;0.0
2022-09-29;Intensivvård;Per 100 000;0.000
2022-10-06;Slutenvård;Antal;1.4
2022-10-06;Slutenvård;Per 100 000;0.020
2022-10-06;Intensivvård;Antal;0.0
2022-10-06;Intensivvård;Per 100 000;0.000
2022-10-13;Slutenvård;Antal;1.1
2022-10-13;Slutenvård;Per 100 000;0.016
2022-10-13;Intensivvård;Antal;0.0
2022-10-13;Intensivvård;Per 100 000;0.000
2022-10-20;Slutenvård;Antal;1.4
2022-10-20;Slutenvård;Per 100 000;0.020
2022-10-20;Intensivvård;Antal;0.0
2022-10-20;Intensivvård;Per 100 000;0.000
2022-10-27;Slutenvård;Antal;1.4
2022-10-27;Slutenvård;Per 100 000;0.020
2022-10-27;Intensivvård;Antal;0.0
2022-10-27;Intensivvård;Per 100 000;0.000
2022-11-03;Slutenvård;Antal;1.4
2022-11-03;Slutenvård;Per 100 000;0.020
2022-11-03;Intensivvård;Antal;0.0
2022-11-03;Intensivvård;Per 100 000;0.000
2022-11-10;Slutenvård;Antal;1.9
2022-11-10;Slutenvård;Per 100 000;0.025
2022-11-10;Intensivvård;Antal;0.0
2022-11-10;Intensivvård;Per 100 000;0.000
2022-11-17;Slutenvård;Antal;2.3
2022-11-17;Slutenvård;Per 100 000;0.031
2022-11-17;Intensivvård;Antal;0.0
2022-11-17;Intensivvård;Per 100 000;0.000
2022-11-24;Slutenvård;Antal;5.3
2022-11-24;Slutenvård;Per 100 000;0.072
2022-11-24;Intensivvård;Antal;0.6
2022-11-24;Intensivvård;Per 100 000;0.005
2022-12-01;Slutenvård;Antal;12.6
2022-12-01;Slutenvård;Per 100 000;0.172
2022-12-01;Intensivvård;Antal;0.9
2022-12-01;Intensivvård;Per 100 000;0.008
2022-12-08;Slutenvård;Antal;26.0
2022-12-08;Slutenvård;Per 100 000;0.355
2022-12-08;Intensivvård;Antal;2.0
2022-12-08;Intensivvård;Per 100 000;0.019
2022-12-15;Slutenvård;Antal;44.3
2022-12-15;Slutenvård;Per 100 000;0.605
2022-12-15;Intensivvård;Antal;2.6
2022-12-15;Intensivvård;Per 100 000;0.024
2022-12-22;Slutenvård;Antal;86.4
2022-12-22;Slutenvård;Per 100 000;1.180
2022-12-22;Intensivvård;Antal;3.9
2022-12-22;Intensivvård;Per 100 000;0.037
2022-12-29;Slutenvård;Antal;119.3
2022-12-29;Slutenvård;Per 100 000;1.628
2022-12-29;Intensivvård;Antal;9.1
2022-12-29;Intensivvård;Per 100 000;0.087
2023-01-05;Slutenvård;Antal;72.0
2023-01-05;Slutenvård;Per 100 000;0.983
2023-01-05;Intensivvård;Antal;5.4
2023-01-05;Intensivvård;Per 100 000;0.052
2023-01-12;Slutenvård;Antal;40.1
2023-01-12;Slutenvård;Per 100 000;0.548
2023-01-12;Intensivvård;Antal;2.7
2023-01-12;Intensivvård;Per 100 000;0.026
2023-01-19;Slutenvård;Antal;22.6
2023-01-19;Slutenvård;Per 100 000;0.308
2023-01-19;Intensivvård;Antal;1.7
2023-01-19;Intensivvård;Per 100 000;0.016
2023-01-26;Slutenvård;Antal;23.3
2023-01-26;Slutenvård;Per 100 000;0.318
2023-01-26;Intensivvård;Antal;2.0
2023-01-26;Intensivvård;Per 100 000;0.019
2023-02-02;Slutenvård;Antal;26.6
2023-02-02;Slutenvård;Per 100 000;0.363
2023-02-02;Intensivvård;Antal;1.7
2023-02-02;Intensivvård;Per 100 000;0.016
2023-02-09;Slutenvård;Antal;32.1
2023-02-09;Slutenvård;Per 100 000;0.439
2023-02-09;Intensivvård;Antal;1.7
2023-02-09;Intensivvård;Per 100 000;0.016
2023-02-16;Slutenvård;Antal;33.9
2023-02-16;Slutenvård;Per 100 000;0.462
2023-02-16;Intensivvård;Antal;2.6
2023-02-16;Intensivvård;Per 100 000;0.024
2023-02-23;Slutenvård;Antal;27.4
2023-02-23;Slutenvård;Per 100 000;0.374
2023-02-23;Intensivvård;Antal;1.4
2023-02-23;Intensivvård;Per 100 000;0.014
2023-03-02;Slutenvård;Antal;32.7
2023-03-02;Slutenvård;Per 100 000;0.447
2023-03-02;Intensivvård;Antal;1.1
2023-03-02;Intensivvård;Per 100 000;0.011
2023-03-09;Slutenvård;Antal;26.1
2023-03-09;Slutenvård;Per 100 000;0.357
2023-03-09;Intensivvård;Antal;2.0
2023-03-09;Intensivvård;Per 100 000;0.019
2023-03-16;Slutenvård;Antal;26.6
2023-03-16;Slutenvård;Per 100 000;0.363
2023-03-16;Intensivvård;Antal;1.7
2023-03-16;Intensivvård;Per 100 000;0.016
2023-03-23;Slutenvård;Antal;24.7
2023-03-23;Slutenvård;Per 100 000;0.337
2023-03-23;Intensivvård;Antal;1.7
2023-03-23;Intensivvård;Per 100 000;0.016
2023-03-30;Slutenvård;Antal;16.7
2023-03-30;Slutenvård;Per 100 000;0.228
2023-03-30;Intensivvård;Antal;1.1
2023-03-30;Intensivvård;Per 100 000;0.011
2023-04-06;Slutenvård;Antal;20.1
2023-04-06;Slutenvård;Per 100 000;0.275
2023-04-06;Intensivvård;Antal;1.4
2023-04-06;Intensivvård;Per 100 000;0.014
2023-04-13;Slutenvård;Antal;13.6
2023-04-13;Slutenvård;Per 100 000;0.185
2023-04-13;Intensivvård;Antal;1.4
2023-04-13;Intensivvård;Per 100 000;0.014
2023-04-20;Slutenvård;Antal;8.9
2023-04-20;Slutenvård;Per 100 000;0.121
2023-04-20;Intensivvård;Antal;1.4
2023-04-20;Intensivvård;Per 100 000;0.014
2023-04-27;Slutenvård;Antal;6.4
2023-04-27;Slutenvård;Per 100 000;0.088
2023-04-27;Intensivvård;Antal;0.9
2023-04-27;Intensivvård;Per 100 000;0.008
2023-05-04;Slutenvård;Antal;4.6
2023-05-04;Slutenvård;Per 100 000;0.062
2023-05-04;Intensivvård;Antal;0.6
2023-05-04;Intensivvård;Per 100 000;0.005
2023-05-11;Slutenvård;Antal;7.1
2023-05-11;Slutenvård;Per 100 000;0.098
2023-05-11;Intensivvård;Antal;0.9
2023-05-11;Intensivvård;Per 100 000;0.008
2023-05-18;Slutenvård;Antal;3.4
2023-05-18;Slutenvård;Per 100 000;0.047
2023-05-18;Intensivvård;Antal;0.9
2023-05-18;Intensivvård;Per 100 000;0.008
2023-05-25;Slutenvård;Antal;2.4
2023-05-25;Slutenvård;Per 100 000;0.033
2023-05-25;Intensivvård;Antal;0.3
2023-05-25;Intensivvård;Per 100 000;0.003
2023-06-01;Slutenvård;Antal;2.0
2023-06-01;Slutenvård;Per 100 000;0.027
2023-06-01;Intensivvård;Antal;0.0
2023-06-01;Intensivvård;Per 100 000;0.000
2023-06-08;Slutenvård;Antal;2.0
2023-06-08;Slutenvård;Per 100 000;0.027
2023-06-08;Intensivvård;Antal;0.3
2023-06-08;Intensivvård;Per 100 000;0.003
2023-06-15;Slutenvård;Antal;1.7
2023-06-15;Slutenvård;Per 100 000;0.023
2023-06-15;Intensivvård;Antal;0.3
2023-06-15;Intensivvård;Per 100 000;0.003
2023-06-22;Slutenvård;Antal;2.0
2023-06-22;Slutenvård;Per 100 000;0.027
2023-06-22;Intensivvård;Antal;0.3
2023-06-22;Intensivvård;Per 100 000;0.003
2023-06-29;Slutenvård;Antal;0.6
2023-06-29;Slutenvård;Per 100 000;0.008
2023-06-29;Intensivvård;Antal;0.0
2023-06-29;Intensivvård;Per 100 000;0.000
2023-07-06;Slutenvård;Antal;0.9
2023-07-06;Slutenvård;Per 100 000;0.012
2023-07-06;Intensivvård;Antal;0.0
2023-07-06;Intensivvård;Per 100 000;0.000
2023-07-13;Slutenvård;Antal;0.6
2023-07-13;Slutenvård;Per 100 000;0.008
2023-07-13;Intensivvård;Antal;0.3
2023-07-13;Intensivvård;Per 100 000;0.003
2023-07-20;Slutenvård;Antal;1.4
2023-07-20;Slutenvård;Per 100 000;0.020
2023-07-20;Intensivvård;Antal;0.0
2023-07-20;Intensivvård;Per 100 000;0.000
2023-07-27;Slutenvård;Antal;0.0
2023-07-27;Slutenvård;Per 100 000;0.000
2023-07-27;Intensivvård;Antal;0.0
2023-07-27;Intensivvård;Per 100 000;0.000
2023-08-03;Slutenvård;Antal;0.9
2023-08-03;Slutenvård;Per 100 000;0.012
2023-08-03;Intensivvård;Antal;0.0
2023-08-03;Intensivvård;Per 100 000;0.000
2023-08-10;Slutenvård;Antal;0.9
2023-08-10;Slutenvård;Per 100 000;0.012
2023-08-10;Intensivvård;Antal;0.0
2023-08-10;Intensivvård;Per 100 000;0.000
2023-08-17;Slutenvård;Antal;0.9
2023-08-17;Slutenvård;Per 100 000;0.012
2023-08-17;Intensivvård;Antal;0.0
2023-08-17;Intensivvård;Per 100 000;0.000
2023-08-24;Slutenvård;Antal;0.6
2023-08-24;Slutenvård;Per 100 000;0.008
2023-08-24;Intensivvård;Antal;0.0
2023-08-24;Intensivvård;Per 100 000;0.000
2023-08-31;Slutenvård;Antal;0.9
2023-08-31;Slutenvård;Per 100 000;0.012
2023-08-31;Intensivvård;Antal;0.0
2023-08-31;Intensivvård;Per 100 000;0.000
2023-09-07;Slutenvård;Antal;0.3
2023-09-07;Slutenvård;Per 100 000;0.004
2023-09-07;Intensivvård;Antal;0.0
2023-09-07;Intensivvård;Per 100 000;0.000
2023-09-14;Slutenvård;Antal;0.6
2023-09-14;Slutenvård;Per 100 000;0.008
2023-09-14;Intensivvård;Antal;0.0
2023-09-14;Intensivvård;Per 100 000;0.000
2023-09-21;Slutenvård;Antal;0.9
2023-09-21;Slutenvård;Per 100 000;0.012
2023-09-21;Intensivvård;Antal;0.0
2023-09-21;Intensivvård;Per 100 000;0.000
2023-09-28;Slutenvård;Antal;1.4
2023-09-28;Slutenvård;Per 100 000;0.020
2023-09-28;Intensivvård;Antal;0.3
2023-09-28;Intensivvård;Per 100 000;0.003
2023-10-05;Slutenvård;Antal;0.9
2023-10-05;Slutenvård;Per 100 000;0.012
2023-10-05;Intensivvård;Antal;0.3
2023-10-05;Intensivvård;Per 100 000;0.003
2023-10-12;Slutenvård;Antal;1.7
2023-10-12;Slutenvård;Per 100 000;0.023
2023-10-12;Intensivvård;Antal;0.0
2023-10-12;Intensivvård;Per 100 000;0.000
2023-10-19;Slutenvård;Antal;1.4
2023-10-19;Slutenvård;Per 100 000;0.020
2023-10-19;Intensivvård;Antal;0.0
2023-10-19;Intensivvård;Per 100 000;0.000
2023-10-26;Slutenvård;Antal;2.7
2023-10-26;Slutenvård;Per 100 000;0.037
2023-10-26;Intensivvård;Antal;0.6
2023-10-26;Intensivvård;Per 100 000;0.005
2023-11-02;Slutenvård;Antal;6.4
2023-11-02;Slutenvård;Per 100 000;0.088
2023-11-02;Intensivvård;Antal;0.3
2023-11-02;Intensivvård;Per 100 000;0.003
2023-11-09;Slutenvård;Antal;6.9
2023-11-09;Slutenvård;Per 100 000;0.094
2023-11-09;Intensivvård;Antal;0.3
2023-11-09;Intensivvård;Per 100 000;0.003
2023-11-16;Slutenvård;Antal;6.9
2023-11-16;Slutenvård;Per 100 000;0.094
2023-11-16;Intensivvård;Antal;0.0
2023-11-16;Intensivvård;Per 100 000;0.000
2023-11-23;Slutenvård;Antal;9.7
2023-11-23;Slutenvård;Per 100 000;0.133
2023-11-23;Intensivvård;Antal;0.3
2023-11-23;Intensivvård;Per 100 000;0.003
2023-11-30;Slutenvård;Antal;21.0
2023-11-30;Slutenvård;Per 100 000;0.287
2023-11-30;Intensivvård;Antal;1.1
2023-11-30;Intensivvård;Per 100 000;0.011
2023-12-07;Slutenvård;Antal;32.4
2023-12-07;Slutenvård;Per 100 000;0.443
2023-12-07;Intensivvård;Antal;2.4
2023-12-07;Intensivvård;Per 100 000;0.023
2023-12-14;Slutenvård;Antal;52.0
2023-12-14;Slutenvård;Per 100 000;0.710
2023-12-14;Intensivvård;Antal;2.0
2023-12-14;Intensivvård;Per 100 000;0.019
2023-12-21;Slutenvård;Antal;65.6
2023-12-21;Slutenvård;Per 100 000;0.895
2023-12-21;Intensivvård;Antal;3.4
2023-12-21;Intensivvård;Per 100 000;0.033
2023-12-28;Slutenvård;Antal;78.4
2023-12-28;Slutenvård;Per 100 000;1.071
2023-12-28;Intensivvård;Antal;4.7
2023-12-28;Intensivvård;Per 100 000;0.045
2024-01-04;Slutenvård;Antal;56.9
2024-01-04;Slutenvård;Per 100 000;0.776
2024-01-04;Intensivvård;Antal;4.6
2024-01-04;Intensivvård;Per 100 000;0.043
2024-01-11;Slutenvård;Antal;46.7
2024-01-11;Slutenvård;Per 100 000;0.638
2024-01-11;Intensivvård;Antal;3.9
2024-01-11;Intensivvård;Per 100 000;0.037
2024-01-18;Slutenvård;Antal;42.9
2024-01-18;Slutenvård;Per 100 000;0.585
2024-01-18;Intensivvård;Antal;2.7
2024-01-18;Intensivvård;Per 100 000;0.026
2024-01-25;Slutenvård;Antal;40.3
2024-01-25;Slutenvård;Per 100 000;0.550
2024-01-25;Intensivvård;Antal;3.4
2024-01-25;Intensivvård;Per 100 000;0.033
2024-02-01;Slutenvård;Antal;39.0
2024-02-01;Slutenvård;Per 100 000;0.532
2024-02-01;Intensivvård;Antal;3.4
2024-02-01;Intensivvård;Per 100 000;0.033
2024-02-08;Slutenvård;Antal;38.1
2024-02-08;Slutenvård;Per 100 000;0.521
2024-02-08;Intensivvård;Antal;2.0
2024-02-08;Intensivvård;Per 100 000;0.019
2024-02-15;Slutenvård;Antal;39.1
2024-02-15;Slutenvård;Per 100 000;0.534
2024-02-15;Intensivvård;Antal;3.6
2024-02-15;Intensivvård;Per 100 000;0.034
2024-02-22;Slutenvård;Antal;36.0
2024-02-22;Slutenvård;Per 100 000;0.491
2024-02-22;Intensivvård;Antal;2.4
2024-02-22;Intensivvård;Per 100 000;0.023
2024-02-29;Slutenvård;Antal;30.9
2024-02-29;Slutenvård;Per 100 000;0.421
2024-02-29;Intensivvård;Antal;2.0
2024-02-29;Intensivvård;Per 100 000;0.019
2024-03-07;Slutenvård;Antal;19.1
2024-03-07;Slutenvård;Per 100 000;0.261
2024-03-07;Intensivvård;Antal;1.7
2024-03-07;Intensivvård;Per 100 000;0.016
2024-03-14;Slutenvård;Antal;23.4
2024-03-14;Slutenvård;Per 100 000;0.320
2024-03-14;Intensivvård;Antal;1.7
2024-03-14;Intensivvård;Per 100 000;0.016
2024-03-21;Slutenvård;Antal;12.3
2024-03-21;Slutenvård;Per 100 000;0.168
2024-03-21;Intensivvård;Antal;0.9
2024-03-21;Intensivvård;Per 100 000;0.008
2024-03-28;Slutenvård;Antal;9.3
2024-03-28;Slutenvård;Per 100 000;0.127
2024-03-28;Intensivvård;Antal;0.9
2024-03-28;Intensivvård;Per 100 000;0.008
2024-04-04;Slutenvård;Antal;9.6
2024-04-04;Slutenvård;Per 100 000;0.131
2024-04-04;Intensivvård;Antal;0.3
2024-04-04;Intensivvård;Per 100 000;0.003
2024-04-11;Slutenvård;Antal;5.0
2024-04-11;Slutenvård;Per 100 000;0.068
2024-04-11;Intensivvård;Antal;0.3
2024-04-11;Intensivvård;Per 100 000;0.003
2024-04-18;Slutenvård;Antal;5.4
2024-04-18;Slutenvård;Per 100 000;0.074
2024-04-18;Intensivvård;Antal;0.3
2024-04-18;Intensivvård;Per 100 000;0.003
2024-04-25;Slutenvård;Antal;4.4
2024-04-25;Slutenvård;Per 100 000;0.060
2024-04-25;Intensivvård;Antal;0.6
2024-04-25;Intensivvård;Per 100 000;0.005
2024-05-02;Slutenvård;Antal;4.0
2024-05-02;Slutenvård;Per 100 000;0.055
2024-05-02;Intensivvård;Antal;0.6
2024-05-02;Intensivvård;Per 100 000;0.005
2024-05-09;Slutenvård;Antal;5.4
2024-05-09;Slutenvård;Per 100 000;0.074
2024-05-09;Intensivvård;Antal;0.3
2024-05-09;Intensivvård;Per 100 000;0.003
2024-05-16;Slutenvård;Antal;5.4
2024-05-16;Slutenvård;Per 100 000;0.074
2024-05-16;Intensivvård;Antal;0.3
2024-05-16;Intensivvård;Per 100 000;0.003
2024-05-23;Slutenvård;Antal;2.3
2024-05-23;Slutenvård;Per 100 000;0.031
2024-05-23;Intensivvård;Antal;0.6
2024-05-23;Intensivvård;Per 100 000;0.005
2024-05-30;Slutenvård;Antal;2.3
2024-05-30;Slutenvård;Per 100 000;0.031
2024-05-30;Intensivvård;Antal;0.6
2024-05-30;Intensivvård;Per 100 000;0.005
2024-06-06;Slutenvård;Antal;1.4
2024-06-06;Slutenvård;Per 100 000;0.020
2024-06-06;Intensivvård;Antal;0.0
2024-06-06;Intensivvård;Per 100 000;0.000
2024-06-13;Slutenvård;Antal;1.7
2024-06-13;Slutenvård;Per 100 000;0.023
2024-06-13;Intensivvård;Antal;0.3
2024-06-13;Intensivvård;Per 100 000;0.003
2024-06-20;Slutenvård;Antal;1.7
2024-06-20;Slutenvård;Per 100 000;0.023
2024-06-20;Intensivvård;Antal;0.0
2024-06-20;Intensivvård;Per 100 000;0.000
2024-06-27;Slutenvård;Antal;1.4
2024-06-27;Slutenvård;Per 100 000;0.020
2024-06-27;Intensivvård;Antal;0.0
2024-06-27;Intensivvård;Per 100 000;0.000
2024-07-04;Slutenvård;Antal;1.7
2024-07-04;Slutenvård;Per 100 000;0.023
2024-07-04;Intensivvård;Antal;0.0
2024-07-04;Intensivvård;Per 100 000;0.000
2024-07-11;Slutenvård;Antal;0.9
2024-07-11;Slutenvård;Per 100 000;0.012
2024-07-11;Intensivvård;Antal;0.0
2024-07-11;Intensivvård;Per 100 000;0.000
2024-07-18;Slutenvård;Antal;1.7
2024-07-18;Slutenvård;Per 100 000;0.023
2024-07-18;Intensivvård;Antal;0.0
2024-07-18;Intensivvård;Per 100 000;0.000
2024-07-25;Slutenvård;Antal;0.9
2024-07-25;Slutenvård;Per 100 000;0.012
2024-07-25;Intensivvård;Antal;0.0
2024-07-25;Intensivvård;Per 100 000;0.000
2024-08-01;Slutenvård;Antal;1.4
2024-08-01;Slutenvård;Per 100 000;0.020
2024-08-01;Intensivvård;Antal;0.0
2024-08-01;Intensivvård;Per 100 000;0.000
2024-08-08;Slutenvård;Antal;1.4
2024-08-08;Slutenvård;Per 100 000;0.020
2024-08-08;Intensivvård;Antal;0.3
2024-08-08;Intensivvård;Per 100 000;0.003
2024-08-15;Slutenvård;Antal;1.4
2024-08-15;Slutenvård;Per 100 000;0.020
2024-08-15;Intensivvård;Antal;0.0
2024-08-15;Intensivvård;Per 100 000;0.000
2024-08-22;Slutenvård;Antal;0.9
2024-08-22;Slutenvård;Per 100 000;0.012
2024-08-22;Intensivvård;Antal;0.0
2024-08-22;Intensivvård;Per 100 000;0.000
2024-08-29;Slutenvård;Antal;1.7
2024-08-29;Slutenvård;Per 100 000;0.023
2024-08-29;Intensivvård;Antal;0.0
2024-08-29;Intensivvård;Per 100 000;0.000
2024-09-05;Slutenvård;Antal;0.9
2024-09-05;Slutenvård;Per 100 000;0.012
2024-09-05;Intensivvård;Antal;0.0
2024-09-05;Intensivvård;Per 100 000;0.000
2024-09-12;Slutenvård;Antal;0.3
2024-09-12;Slutenvård;Per 100 000;0.004
2024-09-12;Intensivvård;Antal;0.0
2024-09-12;Intensivvård;Per 100 000;0.000
2024-09-19;Slutenvård;Antal;1.1
2024-09-19;Slutenvård;Per 100 000;0.016
2024-09-19;Intensivvård;Antal;0.0
2024-09-19;Intensivvård;Per 100 000;0.000
2024-09-26;Slutenvård;Antal;0.6
2024-09-26;Slutenvård;Per 100 000;0.008
2024-09-26;Intensivvård;Antal;0.0
2024-09-26;Intensivvård;Per 100 000;0.000
2024-10-03;Slutenvård;Antal;1.1
2024-10-03;Slutenvård;Per 100 000;0.016
2024-10-03;Intensivvård;Antal;0.0
2024-10-03;Intensivvård;Per 100 000;0.000
2024-10-10;Slutenvård;Antal;1.4
2024-10-10;Slutenvård;Per 100 000;0.020
2024-10-10;Intensivvård;Antal;0.3
2024-10-10;Intensivvård;Per 100 000;0.003
2024-10-17;Slutenvård;Antal;1.4
2024-10-17;Slutenvård;Per 100 000;0.020
2024-10-17;Intensivvård;Antal;0.0
2024-10-17;Intensivvård;Per 100 000;0.000
2024-10-24;Slutenvård;Antal;2.3
2024-10-24;Slutenvård;Per 100 000;0.031
2024-10-24;Intensivvård;Antal;0.0
2024-10-24;Intensivvård;Per 100 000;0.000
2024-10-31;Slutenvård;Antal;1.4
2024-10-31;Slutenvård;Per 100 000;0.020
2024-10-31;Intensivvård;Antal;0.0
2024-10-31;Intensivvård;Per 100 000;0.000
2024-11-07;Slutenvård;Antal;1.4
2024-11-07;Slutenvård;Per 100 000;0.020
2024-11-07;Intensivvård;Antal;0.0
2024-11-07;Intensivvård;Per 100 000;0.000
2024-11-14;Slutenvård;Antal;1.9
2024-11-14;Slutenvård;Per 100 000;0.025
2024-11-14;Intensivvård;Antal;0.3
2024-11-14;Intensivvård;Per 100 000;0.003
2024-11-21;Slutenvård;Antal;1.7
2024-11-21;Slutenvård;Per 100 000;0.023
2024-11-21;Intensivvård;Antal;0.0
2024-11-21;Intensivvård;Per 100 000;0.000
2024-11-28;Slutenvård;Antal;3.3
2024-11-28;Slutenvård;Per 100 000;0.045
2024-11-28;Intensivvård;Antal;0.3
2024-11-28;Intensivvård;Per 100 000;0.003
2024-12-05;Slutenvård;Antal;6.9
2024-12-05;Slutenvård;Per 100 000;0.094
2024-12-05;Intensivvård;Antal;0.0
2024-12-05;Intensivvård;Per 100 000;0.000
2024-12-12;Slutenvård;Antal;15.1
2024-12-12;Slutenvård;Per 100 000;0.207
2024-12-12;Intensivvård;Antal;1.1
2024-12-12;Intensivvård;Per 100 000;0.011
2024-12-19;Slutenvård;Antal;32.0
2024-12-19;Slutenvård;Per 100 000;0.437
2024-12-19;Intensivvård;Antal;0.9
2024-12-19;Intensivvård;Per 100 000;0.008
2024-12-26;Slutenvård;Antal;42.7
2024-12-26;Slutenvård;Per 100 000;0.583
2024-12-26;Intensivvård;Antal;1.7
2024-12-26;Intensivvård;Per 100 000;0.016
2025-01-02;Slutenvård;Antal;35.7
2025-01-02;Slutenvård;Per 100 000;0.488
2025-01-02;Intensivvård;Antal;1.7
2025-01-02;Intensivvård;Per 100 000;0.016
2025-01-09;Slutenvård;Antal;36.7
2025-01-09;Slutenvård;Per 100 000;0.501
2025-01-09;Intensivvård;Antal;2.6
2025-01-09;Intensivvård;Per 100 000;0.024
2025-01-16;Slutenvård;Antal;38.0
2025-01-16;Slutenvård;Per 100 000;0.519
2025-01-16;Intensivvård;Antal;1.9
2025-01-16;Intensivvård;Per 100 000;0.018
2025-01-23;Slutenvård;Antal;46.3
2025-01-23;Slutenvård;Per 100 000;0.632
2025-01-23;Intensivvård;Antal;1.7
2025-01-23;Intensivvård;Per 100 000;0.016
2025-01-30;Slutenvård;Antal;59.3
2025-01-30;Slutenvård;Per 100 000;0.809
2025-01-30;Intensivvård;Antal;2.0
2025-01-30;Intensivvård;Per 100 000;0.019
2025-02-06;Slutenvård;Antal;67.9
2025-02-06;Slutenvård;Per 100 000;0.926
2025-02-06;Intensivvård;Antal;1.7
2025-02-06;Intensivvård;Per 100 000;0.016
2025-02-13;Slutenvård;Antal;92.7
2025-02-13;Slutenvård;Per 100 000;1.266
2025-02-13;Intensivvård;Antal;3.1
2025-02-13;Intensivvård;Per 100 000;0.030
2025-02-20;Slutenvård;Antal;126.6
2025-02-20;Slutenvård;Per 100 000;1.728
2025-02-20;Intensivvård;Antal;5.4
2025-02-20;Intensivvård;Per 100 000;0.052
2025-02-27;Slutenvård;Antal;127.1
2025-02-27;Slutenvård;Per 100 000;1.736
2025-02-27;Intensivvård;Antal;5.1
2025-02-27;Intensivvård;Per 100 000;0.049
2025-03-06;Slutenvård;Antal;106.3
2025-03-06;Slutenvård;Per 100 000;1.451
2025-03-06;Intensivvård;Antal;5.3
2025-03-06;Intensivvård;Per 100 000;0.050
2025-03-13;Slutenvård;Antal;78.6
2025-03-13;Slutenvård;Per 100 000;1.073
2025-03-13;Intensivvård;Antal;2.1
2025-03-13;Intensivvård;Per 100 000;0.020
2025-03-20;Slutenvård;Antal;60.9
2025-03-20;Slutenvård;Per 100 000;0.831
2025-03-20;Intensivvård;Antal;2.7
2025-03-20;Intensivvård;Per 100 000;0.026
2025-03-27;Slutenvård;Antal;69.7
2025-03-27;Slutenvård;Per 100 000;0.952
2025-03-27;Intensivvård;Antal;2.6
2025-03-27;Intensivvård;Per 100 000;0.024
2025-04-03;Slutenvård;Antal;.
2025-04-03;Slutenvård;Per 100 000;.
2025-04-03;Intensivvård;Antal;1.7
2025-04-03;Intensivvård;Per 100 000;0.016
2025-04-10;Slutenvård;Antal;.
2025-04-10;Slutenvård;Per 100 000;.
2025-04-10;Intensivvård;Antal;1.1
2025-04-10;Intensivvård;Per 100 000;0.011